Country Name,Country Code,Indicator Name,Indicator Code,1959,1960,1961,1962,1963,1964,1965,1966,1967,1968,1969,1970,1971,1972,1973,1974,1975,1976,1977,1978,1979,1980,1981,1982,1983,1984,1985,1986,1987,1988,1989,1990,1991,1992,1993,1994,1995,1996,1997,1998,1999,2000,2001,2002,2003,2004,2005,2006,2007,2008,2009,2010,2011,2012,2013,2014,2015,2016,2017,2018,2019
Aruba,ABW,Depth of the food deficit (kilocalories per person per day),SN.ITK.DFCT,,,,,,,,,,,,,,,,,,,,,,,,,,,,,,,,,,,,,,,,,,,,,,,,,,,,,,,,,,,,,
Afghanistan,AFG,Depth of the food deficit (kilocalories per person per day),SN.ITK.DFCT,,,,,,,,,,,,,,,,,,,,,,,,,,,,,,,,,,6446,7956,8910,9972,10522,10528,10304,9984,9882,10170,10426,10272,9344,8198,7168,6438,5894,5388,5062,4832,4768,4826,5038,4316,3460,,,
Angola,AGO,Depth of the food deficit (kilocalories per person per day),SN.ITK.DFCT,,,,,,,,,,,,,,,,,,,,,,,,,,,,,,,,,,21970,22498,22378,22112,20862,19698,18652,17826,17038,16234,15366,14298,12950,11592,10426,9428,8672,7894,7196,6492,5916,4806,3388,2496,1800,,,
Albania,ALB,Depth of the food deficit (kilocalories per person per day),SN.ITK.DFCT,,,,,,,,,,,,,,,,,,,,,,,,,,,,,,,,,,648,564,384,252,240,252,288,300,324,360,432,528,624,720,756,804,828,840,780,708,624,,,,,,,
Andorra,AND,Depth of the food deficit (kilocalories per person per day),SN.ITK.DFCT,,,,,,,,,,,,,,,,,,,,,,,,,,,,,,,,,,,,,,,,,,,,,,,,,,,,,,,,,,,,,
Netherlands Antilles,ANT,Depth of the food deficit (kilocalories per person per day),SN.ITK.DFCT,,,,,,,,,,,,,,,,,,,,,,,,,,,,,,,,,,,,,,,,,,,,,,,,,,,,,,,,,,,,,
Arab League states,ARB,Depth of the food deficit (kilocalories per person per day),SN.ITK.DFCT,,,,,,,,,,,,,,,,,,,,,,,,,,,,,,,,,,3042.536794,3119.020775,3161.424761,3216.504665,3187.629917,3182.185241,3216.462168,3221.090459,3186.824643,3111.281188,3030.181759,3014.195,3068.160624,3161.739447,3241.705579,3292.337194,3305.485702,3319.885931,3299.891908,3267.768399,2685.827437,2166.221495,1683.800894,1350.64608,1021.973099,,,
United Arab Emirates,ARE,Depth of the food deficit (kilocalories per person per day),SN.ITK.DFCT,,,,,,,,,,,,,,,,,,,,,,,,,,,,,,,,,,528,508,432,404,376,384,384,384,384,396,428,472,520,612,768,974,1138,1262,1360,1356,1348,1142,808,572,360,,,
Argentina,ARG,Depth of the food deficit (kilocalories per person per day),SN.ITK.DFCT,,,,,,,,,,,,,,,,,,,,,,,,,,,,,,,,,,640,500,456,384,352,348,348,336,300,276,348,432,548,592,600,560,556,560,604,632,632,440,192,78,40,,,
Armenia,ARM,Depth of the food deficit (kilocalories per person per day),SN.ITK.DFCT,,,,,,,,,,,,,,,,,,,,,,,,,,,,,,,,,,5664,5888,7250,7992,6792,6008,5416,5556,6012,6640,6900,6472,5404,4060,2988,2264,1832,1676,1660,1748,1750,1678,1494,1170,820,,,
American Samoa,ASM,Depth of the food deficit (kilocalories per person per day),SN.ITK.DFCT,,,,,,,,,,,,,,,,,,,,,,,,,,,,,,,,,,,,,,,,,,,,,,,,,,,,,,,,,,,,,
Antigua and Barbuda,ATG,Depth of the food deficit (kilocalories per person per day),SN.ITK.DFCT,,,,,,,,,,,,,,,,,,,,,,,,,,,,,,,,,,1380,1596,2032,2604,2936,3100,3128,3236,3364,3652,4000,4232,4040,3440,2900,2480,2332,2164,1992,1812,1592,800,,,,,,
Australia,AUS,Depth of the food deficit (kilocalories per person per day),SN.ITK.DFCT,,,,,,,,,,,,,,,,,,,,,,,,,,,,,,,,,,120,144,144,144,144,144,156,168,168,144,132,120,120,108,96,84,72,60,60,48,48,,,,,,,
Austria,AUT,Depth of the food deficit (kilocalories per person per day),SN.ITK.DFCT,,,,,,,,,,,,,,,,,,,,,,,,,,,,,,,,,,24,24,12,12,12,12,12,12,12,12,12,12,12,12,12,12,12,12,12,12,12,,,,,,,
Azerbaijan,AZE,Depth of the food deficit (kilocalories per person per day),SN.ITK.DFCT,,,,,,,,,,,,,,,,,,,,,,,,,,,,,,,,,,5216,5242,6368,7038,7752,8424,8596,8636,7678,6252,4596,3408,2448,1748,1264,1012,948,916,904,820,708,572,456,338,240,,,
Burundi,BDI,Depth of the food deficit (kilocalories per person per day),SN.ITK.DFCT,,,,,,,,,,,,,,,,,,,,,,,,,,,,,,,,,,3892,4156,4656,5072,5280,5244,5316,5504,5772,5876,5944,6056,6252,6592,6924,7172,7308,7400,7452,7452,7416,4648,,,,,,
Belgium,BEL,Depth of the food deficit (kilocalories per person per day),SN.ITK.DFCT,,,,,,,,,,,,,,,,,,,,,,,,,,,,,,,,,,12,12,12,12,12,12,12,12,12,12,12,12,12,12,12,12,12,12,12,12,12,,,,,,,
Benin,BEN,Depth of the food deficit (kilocalories per person per day),SN.ITK.DFCT,,,,,,,,,,,,,,,,,,,,,,,,,,,,,,,,,,7736,7586,7776,7624,7360,7000,6744,6636,6520,6340,5868,5380,4872,4548,4264,4022,3766,3500,3308,3156,3012,2498,1932,1352,960,,,
Burkina Faso,BFA,Depth of the food deficit (kilocalories per person per day),SN.ITK.DFCT,,,,,,,,,,,,,,,,,,,,,,,,,,,,,,,,,,7372,6828,6366,6040,5852,5896,6338,6968,7756,8374,8860,9258,9292,9204,8918,8740,8546,8346,8028,7870,7696,6876,5344,4342,3340,,,
Bangladesh,BGD,Depth of the food deficit (kilocalories per person per day),SN.ITK.DFCT,,,,,,,,,,,,,,,,,,,,,,,,,,,,,,,,,,10684,11068,11668,12160,12060,11480,10544,9196,7816,6592,5910,5504,5308,5072,5000,4936,4992,5062,5168,5204,5272,4836,3880,3120,2320,,,
Bulgaria,BGR,Depth of the food deficit (kilocalories per person per day),SN.ITK.DFCT,,,,,,,,,,,,,,,,,,,,,,,,,,,,,,,,,,324,396,480,588,708,828,840,768,660,636,660,696,732,744,744,708,684,660,648,636,624,,,,,,,
Bahrain,BHR,Depth of the food deficit (kilocalories per person per day),SN.ITK.DFCT,,,,,,,,,,,,,,,,,,,,,,,,,,,,,,,,,,,,,,,,,,,,,,,,,,,,,,,,,,,,,
"Bahamas, The",BHS,Depth of the food deficit (kilocalories per person per day),SN.ITK.DFCT,,,,,,,,,,,,,,,,,,,,,,,,,,,,,,,,,,804,1072,1208,1136,984,788,732,628,568,488,488,536,584,616,660,668,676,656,624,588,564,320,,,,,,
Bosnia and Herzegovina,BIH,Depth of the food deficit (kilocalories per person per day),SN.ITK.DFCT,,,,,,,,,,,,,,,,,,,,,,,,,,,,,,,,,,,,,576,408,336,384,468,528,480,396,300,228,204,192,204,216,228,240,252,252,,,,,,,
Belarus,BLR,Depth of the food deficit (kilocalories per person per day),SN.ITK.DFCT,,,,,,,,,,,,,,,,,,,,,,,,,,,,,,,,,,,,,72,72,72,96,132,168,216,264,312,300,240,168,132,108,84,60,36,24,,,,,,,
Belize,BLZ,Depth of the food deficit (kilocalories per person per day),SN.ITK.DFCT,,,,,,,,,,,,,,,,,,,,,,,,,,,,,,,,,,2504,2220,1988,1878,1924,1968,2056,2080,2016,1874,1672,1528,1444,1392,1408,1448,1556,1654,1730,1710,1662,1534,1286,1066,800,,,
Bermuda,BMU,Depth of the food deficit (kilocalories per person per day),SN.ITK.DFCT,,,,,,,,,,,,,,,,,,,,,,,,,,,,,,,,,,564,492,528,576,636,732,864,1020,1140,1284,1428,1608,1680,1620,1452,1260,1044,816,576,420,324,,,,,,,
Bolivia,BOL,Depth of the food deficit (kilocalories per person per day),SN.ITK.DFCT,,,,,,,,,,,,,,,,,,,,,,,,,,,,,,,,,,11056,10380,10588,10236,10096,9604,10012,10236,10440,9840,9312,8880,8932,9034,9094,8744,8508,8344,8292,7870,7156,5636,3888,2834,2080,,,
Brazil,BRA,Depth of the food deficit (kilocalories per person per day),SN.ITK.DFCT,,,,,,,,,,,,,,,,,,,,,,,,,,,,,,,,,,4680,4520,4540,4464,4368,4324,4240,4204,4112,3908,3568,3066,2570,2110,1834,1662,1490,1368,1258,1168,1076,832,358,286,200,,,
Barbados,BRB,Depth of the food deficit (kilocalories per person per day),SN.ITK.DFCT,,,,,,,,,,,,,,,,,,,,,,,,,,,,,,,,,,736,884,980,1140,1204,1208,1232,1196,1352,1400,1604,1624,1852,1908,2044,1972,1804,1532,1320,1140,1052,946,762,598,420,,,
Brunei,BRN,Depth of the food deficit (kilocalories per person per day),SN.ITK.DFCT,,,,,,,,,,,,,,,,,,,,,,,,,,,,,,,,,,856,864,736,704,632,644,648,732,772,796,772,650,564,460,472,484,552,608,648,692,640,560,486,338,240,,,
Bhutan,BTN,Depth of the food deficit (kilocalories per person per day),SN.ITK.DFCT,,,,,,,,,,,,,,,,,,,,,,,,,,,,,,,,,,,,,,,,,,,,,,,,,,,,,,,,,,,,,
Botswana,BWA,Depth of the food deficit (kilocalories per person per day),SN.ITK.DFCT,,,,,,,,,,,,,,,,,,,,,,,,,,,,,,,,,,7392,8146,8750,9296,9088,9200,9620,10428,11230,11432,11580,11440,11356,10976,10740,10656,10768,10776,10476,9960,9310,7914,6148,4758,3540,,,
Sub-Saharan Africa (IFC classification),CAA,Depth of the food deficit (kilocalories per person per day),SN.ITK.DFCT,,,,,,,,,,,,,,,,,,,,,,,,,,,,,,,,,,,,,,,,,,,,,,,,,,,,,,,,,,,,,
Central African Republic,CAF,Depth of the food deficit (kilocalories per person per day),SN.ITK.DFCT,,,,,,,,,,,,,,,,,,,,,,,,,,,,,,,,,,15800,16058,16474,16832,16964,16844,16232,15720,15036,14720,14220,14136,14052,14032,13798,13286,12620,11784,11194,10704,10588,10054,9574,9074,7600,,,
Canada,CAN,Depth of the food deficit (kilocalories per person per day),SN.ITK.DFCT,,,,,,,,,,,,,,,,,,,,,,,,,,,,,,,,,,132,108,84,72,60,36,36,24,24,24,24,24,24,24,24,24,36,36,48,60,60,,,,,,,
East Asia and the Pacific (IFC classification),CEA,Depth of the food deficit (kilocalories per person per day),SN.ITK.DFCT,,,,,,,,,,,,,,,,,,,,,,,,,,,,,,,,,,,,,,,,,,,,,,,,,,,,,,,,,,,,,
Central Europe and the Baltics,CEB,Depth of the food deficit (kilocalories per person per day),SN.ITK.DFCT,,,,,,,,,,,,,,,,,,,,,,,,,,,,,,,,,,92.97029506,106.5931559,108.0172669,107.9891703,105.7519036,109.8901674,111.1108423,108.3499117,98.96477842,91.66674827,87.24895975,82.36864239,79.30628968,78.41534863,76.80153216,73.89283863,72.00082015,68.30649426,67.05243831,66.03996778,65.47065063,,,,,,,
Europe and Central Asia (IFC classification),CEU,Depth of the food deficit (kilocalories per person per day),SN.ITK.DFCT,,,,,,,,,,,,,,,,,,,,,,,,,,,,,,,,,,,,,,,,,,,,,,,,,,,,,,,,,,,,,
Switzerland,CHE,Depth of the food deficit (kilocalories per person per day),SN.ITK.DFCT,,,,,,,,,,,,,,,,,,,,,,,,,,,,,,,,,,48,60,60,60,60,60,60,60,48,48,48,48,48,48,48,48,48,36,48,48,48,,,,,,,
Channel Islands,CHI,Depth of the food deficit (kilocalories per person per day),SN.ITK.DFCT,,,,,,,,,,,,,,,,,,,,,,,,,,,,,,,,,,,,,,,,,,,,,,,,,,,,,,,,,,,,,
Chile,CHL,Depth of the food deficit (kilocalories per person per day),SN.ITK.DFCT,,,,,,,,,,,,,,,,,,,,,,,,,,,,,,,,,,2604,2260,1988,1784,1664,1588,1548,1508,1492,1428,1332,1288,1212,1200,1144,1140,1104,1164,1168,1216,1148,984,742,572,400,,,
China,CHN,Depth of the food deficit (kilocalories per person per day),SN.ITK.DFCT,,,,,,,,,,,,,,,,,,,,,,,,,,,,,,,,,,7976,8076,7620,6982,6370,5896,5640,5460,5364,5328,5276,5284,5278,5262,5198,5080,4886,4668,4386,4142,3918,3436,2668,2028,1480,,,
Cote d'Ivoire,CIV,Depth of the food deficit (kilocalories per person per day),SN.ITK.DFCT,,,,,,,,,,,,,,,,,,,,,,,,,,,,,,,,,,3032,3128,3292,3430,3328,3280,3370,3728,4264,4788,5280,5474,5388,5064,4792,4560,4544,4634,4750,4848,4874,4250,3114,2444,1860,,,
Latin America and the Caribbean (IFC classification),CLA,Depth of the food deficit (kilocalories per person per day),SN.ITK.DFCT,,,,,,,,,,,,,,,,,,,,,,,,,,,,,,,,,,,,,,,,,,,,,,,,,,,,,,,,,,,,,
Middle East and North Africa (IFC classification),CME,Depth of the food deficit (kilocalories per person per day),SN.ITK.DFCT,,,,,,,,,,,,,,,,,,,,,,,,,,,,,,,,,,,,,,,,,,,,,,,,,,,,,,,,,,,,,
Cameroon,CMR,Depth of the food deficit (kilocalories per person per day),SN.ITK.DFCT,,,,,,,,,,,,,,,,,,,,,,,,,,,,,,,,,,11488,11460,11248,11580,11686,11520,11164,10584,10148,9584,9032,8332,7704,7098,6514,5902,5258,4778,4238,3882,3530,2868,2112,1664,1260,,,
China and India,CNI,Depth of the food deficit (kilocalories per person per day),SN.ITK.DFCT,,,,,,,,,,,,,,,,,,,,,,,,,,,,,,,,,,,,,,,,,,,,,,,,,,,,,,,,,,,,,
"Congo, Dem. Rep.",COD,Depth of the food deficit (kilocalories per person per day),SN.ITK.DFCT,,,,,,,,,,,,,,,,,,,,,,,,,,,,,,,,,,,,,,,,,,,,,,,,,,,,,,,,,,,,,
Congo,COG,Depth of the food deficit (kilocalories per person per day),SN.ITK.DFCT,,,,,,,,,,,,,,,,,,,,,,,,,,,,,,,,,,14024,14112,14332,14666,14968,15040,14704,13832,12496,11020,9700,8916,8528,8994,9518,10340,10462,10472,10366,10156,9794,8162,6226,5096,4120,,,
Colombia,COL,Depth of the food deficit (kilocalories per person per day),SN.ITK.DFCT,,,,,,,,,,,,,,,,,,,,,,,,,,,,,,,,,,5138,4814,4456,4040,3772,3578,3558,3538,3520,3384,3302,3172,3156,3174,3348,3432,3344,3286,3360,3606,3650,3164,2384,1742,1240,,,
Comoros,COM,Depth of the food deficit (kilocalories per person per day),SN.ITK.DFCT,,,,,,,,,,,,,,,,,,,,,,,,,,,,,,,,,,4196,4472,5012,5144,5240,5404,6224,7068,7884,8124,7944,7300,7004,6876,6840,6724,6744,7052,7492,7932,8144,5240,,,,,,
Cape Verde,CPV,Depth of the food deficit (kilocalories per person per day),SN.ITK.DFCT,,,,,,,,,,,,,,,,,,,,,,,,,,,,,,,,,,4136,4024,3452,3556,4086,4680,5052,5084,5148,5240,5472,5456,5280,4846,4450,4074,3874,3768,3736,3754,3558,3116,2428,1872,1360,,,
Costa Rica,CRI,Depth of the food deficit (kilocalories per person per day),SN.ITK.DFCT,,,,,,,,,,,,,,,,,,,,,,,,,,,,,,,,,,1330,1368,1392,1412,1488,1552,1616,1572,1484,1408,1440,1532,1664,1736,1696,1572,1492,1476,1540,1624,1764,1672,1286,1014,700,,,
South Asia (IFC classification),CSA,Depth of the food deficit (kilocalories per person per day),SN.ITK.DFCT,,,,,,,,,,,,,,,,,,,,,,,,,,,,,,,,,,,,,,,,,,,,,,,,,,,,,,,,,,,,,
Czechoslovakia,CSK,Depth of the food deficit (kilocalories per person per day),SN.ITK.DFCT,,,,,,,,,,,,,,,,,,,,,,,,,,,,,,,,,,,,,,,,,,,,,,,,,,,,,,,,,,,,,
Caribbean small states,CSS,Depth of the food deficit (kilocalories per person per day),SN.ITK.DFCT,,,,,,,,,,,,,,,,,,,,,,,,,,,,,,,,,,3824.321409,3829.830144,3767.185969,3652.317545,3536.53549,3432.80194,3338.762718,3282.267749,3177.163475,3027.394976,2873.292009,2785.383085,2785.072903,2795.583349,2804.081415,2786.701175,2775.527635,2751.766286,2762.444556,2731.982652,2612.948734,2371.702951,1931.467478,1549.095192,1123.882201,,,
Cuba,CUB,Depth of the food deficit (kilocalories per person per day),SN.ITK.DFCT,,,,,,,,,,,,,,,,,,,,,,,,,,,,,,,,,,1988,3312,4660,6088,6480,6024,4832,3472,2316,1460,1028,740,584,472,408,452,492,552,568,552,526,416,314,208,140,,,
Curacao,CUW,Depth of the food deficit (kilocalories per person per day),SN.ITK.DFCT,,,,,,,,,,,,,,,,,,,,,,,,,,,,,,,,,,,,,,,,,,,,,,,,,,,,,,,,,,,,,
Cayman Islands,CYM,Depth of the food deficit (kilocalories per person per day),SN.ITK.DFCT,,,,,,,,,,,,,,,,,,,,,,,,,,,,,,,,,,,,,,,,,,,,,,,,,,,,,,,,,,,,,
Cyprus,CYP,Depth of the food deficit (kilocalories per person per day),SN.ITK.DFCT,,,,,,,,,,,,,,,,,,,,,,,,,,,,,,,,,,456,384,384,420,468,516,564,612,672,744,816,888,972,1032,1020,948,864,816,804,804,816,,,,,,,
Czech Republic,CZE,Depth of the food deficit (kilocalories per person per day),SN.ITK.DFCT,,,,,,,,,,,,,,,,,,,,,,,,,,,,,,,,,,,,,120,96,84,108,132,144,132,108,84,72,72,84,84,84,84,72,72,72,,,,,,,
Germany,DEU,Depth of the food deficit (kilocalories per person per day),SN.ITK.DFCT,,,,,,,,,,,,,,,,,,,,,,,,,,,,,,,,,,60,60,60,60,60,60,60,48,36,36,36,24,24,24,24,24,24,24,24,24,24,,,,,,,
Djibouti,DJI,Depth of the food deficit (kilocalories per person per day),SN.ITK.DFCT,,,,,,,,,,,,,,,,,,,,,,,,,,,,,,,,,,28766,29660,28948,27672,26280,24708,23408,21824,19998,18600,17270,16476,15476,14304,12868,11204,9848,8710,8052,7524,7154,6154,4576,3380,2360,,,
Dominica,DMA,Depth of the food deficit (kilocalories per person per day),SN.ITK.DFCT,,,,,,,,,,,,,,,,,,,,,,,,,,,,,,,,,,364,408,412,392,384,376,388,368,328,280,264,264,272,264,268,256,236,228,232,216,192,112,,,,,,
Denmark,DNK,Depth of the food deficit (kilocalories per person per day),SN.ITK.DFCT,,,,,,,,,,,,,,,,,,,,,,,,,,,,,,,,,,108,72,72,72,72,60,60,60,60,60,48,48,48,48,48,48,48,48,48,48,48,,,,,,,
Dominican Republic,DOM,Depth of the food deficit (kilocalories per person per day),SN.ITK.DFCT,,,,,,,,,,,,,,,,,,,,,,,,,,,,,,,,,,10580,9712,9178,8386,8138,8332,9012,9444,9438,8944,8292,8190,8320,8482,7934,7066,6368,6022,5840,5404,4886,4022,2990,2288,1720,,,
Algeria,DZA,Depth of the food deficit (kilocalories per person per day),SN.ITK.DFCT,,,,,,,,,,,,,,,,,,,,,,,,,,,,,,,,,,1904,1864,1808,1884,2048,2236,2416,2476,2464,2376,2300,2204,2088,2032,1976,1896,1804,1692,1576,1408,1224,958,742,546,400,,,
East Asia & Pacific,EAP,Depth of the food deficit (kilocalories per person per day),SN.ITK.DFCT,,,,,,,,,,,,,,,,,,,,,,,,,,,,,,,,,,8492.238548,8487.577742,8037.221829,7438.12576,6866.831659,6447.386842,6215.216278,6076.55315,5971.102436,5913.564485,5815.217226,5757.701047,5660.999443,5572.535641,5456.632214,5304.192143,5095.714769,4852.377507,4532.04485,4234.379311,3880.884774,3444.31028,2676.456118,2052.580596,1508.356365,,,
Early-demographic dividend,EAR,Depth of the food deficit (kilocalories per person per day),SN.ITK.DFCT,,,,,,,,,,,,,,,,,,,,,,,,,,,,,,,,,,3967.949712,3852.831409,3838.659373,3790.199608,3710.604854,3568.40097,3427.755469,3304.384132,3193.232881,3110.153735,3100.523627,3173.992281,3259.598784,3302.483725,3279.862068,3147.708345,2959.711138,2768.904835,2614.62965,2501.91044,2422.32717,2364.076785,2330.877122,2304.664224,1893.085017,,,
East Asia & Pacific (all income levels),EAS,Depth of the food deficit (kilocalories per person per day),SN.ITK.DFCT,,,,,,,,,,,,,,,,,,,,,,,,,,,,,,,,,,8056.782527,8059.030776,7640.634487,7079.113217,6538.61286,6140.614117,5922.078949,5791.171622,5694.757846,5641.562815,5552.039618,5501.708616,5413.620302,5332.4509,5225.711594,5085.224499,4891.025964,4663.105473,4359.61235,4075.717615,3739.536496,3347.09799,2614.505776,2004.568298,1473.20773,,,
Europe & Central Asia,ECA,Depth of the food deficit (kilocalories per person per day),SN.ITK.DFCT,,,,,,,,,,,,,,,,,,,,,,,,,,,,,,,,,,,,239.4496874,414.1944949,436.8447179,460.6338759,491.7465189,531.2608956,540.7912528,531.2145137,495.5314082,459.661301,414.6523461,378.1333421,356.8057047,342.6829029,342.243514,343.278227,340.3306699,325.8508105,282.5665366,,,,,,,
Europe & Central Asia (all income levels),ECS,Depth of the food deficit (kilocalories per person per day),SN.ITK.DFCT,,,,,,,,,,,,,,,,,,,,,,,,,,,,,,,,,,,,103.4078551,234.3929385,246.4327559,253.8962694,260.6723511,267.658634,260.4667789,246.3523781,226.5935072,206.0320736,185.3679303,170.3210449,159.6068322,153.8336412,153.0522319,154.3236988,155.2166432,150.8571772,130.5492784,,,,,,,
Ecuador,ECU,Depth of the food deficit (kilocalories per person per day),SN.ITK.DFCT,,,,,,,,,,,,,,,,,,,,,,,,,,,,,,,,,,5864,5898,5090,4744,4384,4432,4556,4700,4992,5196,5516,5744,5888,5920,5792,5684,5428,5194,4842,4486,4084,3268,2330,1872,1400,,,
European Community,EEC,Depth of the food deficit (kilocalories per person per day),SN.ITK.DFCT,,,,,,,,,,,,,,,,,,,,,,,,,,,,,,,,,,,,,,,,,,,,,,,,,,,,,,,,,,,,,
EASTERN EUROPE,EER,Depth of the food deficit (kilocalories per person per day),SN.ITK.DFCT,,,,,,,,,,,,,,,,,,,,,,,,,,,,,,,,,,,,,,,,,,,,,,,,,,,,,,,,,,,,,
Egypt,EGY,Depth of the food deficit (kilocalories per person per day),SN.ITK.DFCT,,,,,,,,,,,,,,,,,,,,,,,,,,,,,,,,,,988,988,984,932,848,772,748,716,716,710,666,704,782,856,922,928,910,870,794,654,536,460,396,312,240,,,
Euro area,EMU,Depth of the food deficit (kilocalories per person per day),SN.ITK.DFCT,,,,,,,,,,,,,,,,,,,,,,,,,,,,,,,,,,48.19502206,48.41775234,48.12694206,57.27846615,56.49132056,56.16710471,51.25056623,49.45241813,47.370778,48.41913284,48.75362888,47.1936439,45.93474292,49.63269825,48.2730636,49.50852927,48.07600931,47.4984795,47.2678532,47.0038943,43.31334832,,,,,,,
Eritrea,ERI,Depth of the food deficit (kilocalories per person per day),SN.ITK.DFCT,,,,,,,,,,,,,,,,,,,,,,,,,,,,,,,,,,,,,7448,7108,7032,7116,7356,7748,7888,7996,7872,7916,7828,7856,7700,7572,7184,6864,6488,6228,3904,,,,,,
Spain,ESP,Depth of the food deficit (kilocalories per person per day),SN.ITK.DFCT,,,,,,,,,,,,,,,,,,,,,,,,,,,,,,,,,,72,72,72,72,72,72,60,60,60,60,60,72,72,84,84,96,96,96,96,96,96,,,,,,,
Estonia,EST,Depth of the food deficit (kilocalories per person per day),SN.ITK.DFCT,,,,,,,,,,,,,,,,,,,,,,,,,,,,,,,,,,,,,648,492,444,420,396,396,420,444,444,420,384,360,336,324,300,288,276,276,,,,,,,
Ethiopia,ETH,Depth of the food deficit (kilocalories per person per day),SN.ITK.DFCT,,,,,,,,,,,,,,,,,,,,,,,,,,,,,,,,,,20602,21536,20480,27630,26496,25322,23904,22888,21834,20564,19256,18128,17366,16548,15860,15154,14704,14238,13590,12958,12442,10758,8066,6344,4720,,,
European Union,EUU,Depth of the food deficit (kilocalories per person per day),SN.ITK.DFCT,,,,,,,,,,,,,,,,,,,,,,,,,,,,,,,,,,79.27500006,83.12166114,83.30773135,90.03484443,87.73880062,87.51429268,82.96495129,79.76656369,73.53210276,70.31062497,68.30913511,65.15860133,63.4304751,65.8827581,64.58546412,64.22925822,62.67475057,60.65090698,60.05793616,59.51109491,54.43979909,,,,,,,
Fragile and conflict affected situations,FCS,Depth of the food deficit (kilocalories per person per day),SN.ITK.DFCT,,,,,,,,,,,,,,,,,,,,,,,,,,,,,,,,,,9297.78732,9493.949228,9586.540086,9653.457174,9580.89878,9378.800304,9148.804074,8943.485348,8772.063507,8624.522768,8431.482971,8219.489045,7957.106872,7688.481605,7395.118167,7090.688033,6735.353773,6418.729283,6111.876682,5883.560661,,,,,,,,
Finland,FIN,Depth of the food deficit (kilocalories per person per day),SN.ITK.DFCT,,,,,,,,,,,,,,,,,,,,,,,,,,,,,,,,,,168,192,216,216,204,156,144,132,132,132,132,132,120,120,108,108,108,96,96,96,96,,,,,,,
Fiji,FJI,Depth of the food deficit (kilocalories per person per day),SN.ITK.DFCT,,,,,,,,,,,,,,,,,,,,,,,,,,,,,,,,,,1828,1688,1632,1552,1552,1552,1480,1404,1396,1364,1312,1248,1224,1160,1152,1144,1116,1164,1228,1248,1268,1110,960,780,600,,,
France,FRA,Depth of the food deficit (kilocalories per person per day),SN.ITK.DFCT,,,,,,,,,,,,,,,,,,,,,,,,,,,,,,,,,,24,24,24,24,24,24,12,12,12,12,12,12,12,24,24,24,24,24,24,24,24,,,,,,,
Faeroe Islands,FRO,Depth of the food deficit (kilocalories per person per day),SN.ITK.DFCT,,,,,,,,,,,,,,,,,,,,,,,,,,,,,,,,,,,,,,,,,,,,,,,,,,,,,,,,,,,,,
Micronesia,FSM,Depth of the food deficit (kilocalories per person per day),SN.ITK.DFCT,,,,,,,,,,,,,,,,,,,,,,,,,,,,,,,,,,,,,,,,,,,,,,,,,,,,,,,,,,,,,
Gabon,GAB,Depth of the food deficit (kilocalories per person per day),SN.ITK.DFCT,,,,,,,,,,,,,,,,,,,,,,,,,,,,,,,,,,2924,2404,2600,2480,2408,2140,1872,1680,1450,1324,1272,1328,1388,1364,1304,1264,1276,1276,1332,1292,1236,984,652,494,360,,,
United Kingdom,GBR,Depth of the food deficit (kilocalories per person per day),SN.ITK.DFCT,,,,,,,,,,,,,,,,,,,,,,,,,,,,,,,,,,72,72,72,72,60,48,36,36,36,36,36,36,36,36,36,36,36,36,36,36,36,,,,,,,
Georgia,GEO,Depth of the food deficit (kilocalories per person per day),SN.ITK.DFCT,,,,,,,,,,,,,,,,,,,,,,,,,,,,,,,,,,14816,23808,18752,20176,13352,7996,4404,3116,3572,4258,4804,4208,3436,2842,2604,2608,2672,2766,2968,3228,3354,2450,2212,1560,1100,,,
Ghana,GHA,Depth of the food deficit (kilocalories per person per day),SN.ITK.DFCT,,,,,,,,,,,,,,,,,,,,,,,,,,,,,,,,,,15022,10924,9806,7888,7128,6624,6340,6040,5588,5112,4644,4264,3936,3572,3220,2874,2514,2200,1884,1650,1380,1118,794,572,380,,,
Gibraltar,GIB,Depth of the food deficit (kilocalories per person per day),SN.ITK.DFCT,,,,,,,,,,,,,,,,,,,,,,,,,,,,,,,,,,,,,,,,,,,,,,,,,,,,,,,,,,,,,
Guinea,GIN,Depth of the food deficit (kilocalories per person per day),SN.ITK.DFCT,,,,,,,,,,,,,,,,,,,,,,,,,,,,,,,,,,6610,6512,6550,6752,7044,7488,7980,8322,8208,7880,7540,7380,7166,6888,6538,6198,5820,5566,5360,5296,5186,4668,3888,3068,2300,,,
Guadeloupe,GLP,Depth of the food deficit (kilocalories per person per day),SN.ITK.DFCT,,,,,,,,,,,,,,,,,,,,,,,,,,,,,,,,,,,,,,,,,,,,,,,,,,,,,,,,,,,,,
"Gambia, The",GMB,Depth of the food deficit (kilocalories per person per day),SN.ITK.DFCT,,,,,,,,,,,,,,,,,,,,,,,,,,,,,,,,,,4140,4260,4700,5072,5476,5440,5532,5236,4968,4396,4196,4240,4432,4560,4624,4566,4332,3796,3168,2744,2488,2000,1106,858,640,,,
Guinea-Bissau,GNB,Depth of the food deficit (kilocalories per person per day),SN.ITK.DFCT,,,,,,,,,,,,,,,,,,,,,,,,,,,,,,,,,,6652,6244,6120,6040,6200,6728,7550,8282,8380,8040,7498,7272,7128,7084,7072,7136,7056,6836,6290,5938,5628,5346,4802,3952,2860,,,
Equatorial Guinea,GNQ,Depth of the food deficit (kilocalories per person per day),SN.ITK.DFCT,,,,,,,,,,,,,,,,,,,,,,,,,,,,,,,,,,,,,,,,,,,,,,,,,,,,,,,,,,,,,
Greece,GRC,Depth of the food deficit (kilocalories per person per day),SN.ITK.DFCT,,,,,,,,,,,,,,,,,,,,,,,,,,,,,,,,,,24,24,24,24,24,24,24,24,24,12,12,12,12,12,12,12,12,12,12,12,12,,,,,,,
Grenada,GRD,Depth of the food deficit (kilocalories per person per day),SN.ITK.DFCT,,,,,,,,,,,,,,,,,,,,,,,,,,,,,,,,,,1352,1412,1488,1608,1800,1944,2148,2428,2736,2824,2760,2628,2532,2480,2432,2420,2344,2232,2024,1796,1676,1104,,,,,,
Greenland,GRL,Depth of the food deficit (kilocalories per person per day),SN.ITK.DFCT,,,,,,,,,,,,,,,,,,,,,,,,,,,,,,,,,,,,,,,,,,,,,,,,,,,,,,,,,,,,,
Guatemala,GTM,Depth of the food deficit (kilocalories per person per day),SN.ITK.DFCT,,,,,,,,,,,,,,,,,,,,,,,,,,,,,,,,,,3996,4176,4210,4170,4374,4990,5688,6344,6436,6342,5842,5542,5322,5410,5510,5540,5518,5408,5360,5298,5370,4618,3126,2626,2020,,,
French Guiana,GUF,Depth of the food deficit (kilocalories per person per day),SN.ITK.DFCT,,,,,,,,,,,,,,,,,,,,,,,,,,,,,,,,,,,,,,,,,,,,,,,,,,,,,,,,,,,,,
Guam,GUM,Depth of the food deficit (kilocalories per person per day),SN.ITK.DFCT,,,,,,,,,,,,,,,,,,,,,,,,,,,,,,,,,,,,,,,,,,,,,,,,,,,,,,,,,,,,,
Guyana,GUY,Depth of the food deficit (kilocalories per person per day),SN.ITK.DFCT,,,,,,,,,,,,,,,,,,,,,,,,,,,,,,,,,,7108,6732,6144,5420,4800,4148,3708,3352,3104,2840,2676,2612,2644,2680,2812,2920,3044,3140,3068,3008,2894,2762,2462,2002,1480,,,
High income,HIC,Depth of the food deficit (kilocalories per person per day),SN.ITK.DFCT,,,,,,,,,,,,,,,,,,,,,,,,,,,,,,,,,,97.57345078,96.39955005,91.20202528,130.3267452,131.1495668,129.9414328,128.5205249,123.9080429,117.0349537,108.2763769,103.3382678,98.68814041,95.51279729,93.91059162,91.60076302,92.66518179,96.17450496,100.4536875,106.3288486,109.8560028,103.83413,,,,,,,
"Hong Kong SAR, China",HKG,Depth of the food deficit (kilocalories per person per day),SN.ITK.DFCT,,,,,,,,,,,,,,,,,,,,,,,,,,,,,,,,,,,,,,,,,,,,,,,,,,,,,,,,,,,,,
Honduras,HND,Depth of the food deficit (kilocalories per person per day),SN.ITK.DFCT,,,,,,,,,,,,,,,,,,,,,,,,,,,,,,,,,,6496,6380,6140,5948,5684,5520,5404,5376,5336,5244,5100,4880,4752,4680,4648,4564,4388,4208,4090,4028,3888,3428,2818,2210,1700,,,
Heavily indebted poor countries (HIPC),HPC,Depth of the food deficit (kilocalories per person per day),SN.ITK.DFCT,,,,,,,,,,,,,,,,,,,,,,,,,,,,,,,,,,12576.11242,12643.39466,12593.23215,13537.08713,13286.28052,12983.73895,12660.43,12396.92383,12097.26754,11772.97802,11445.78187,11126.6343,10828.43553,10492.34397,10178.86279,9853.85032,9594.370226,9359.257725,9102.416308,8867.350764,8430.307477,7448.556833,5740.648155,4588.010858,3488.617718,,,
Croatia,HRV,Depth of the food deficit (kilocalories per person per day),SN.ITK.DFCT,,,,,,,,,,,,,,,,,,,,,,,,,,,,,,,,,,1512,1716,1548,1308,1176,1164,1188,1128,972,732,516,336,228,180,156,144,144,132,120,120,108,,,,,,,
Haiti,HTI,Depth of the food deficit (kilocalories per person per day),SN.ITK.DFCT,,,,,,,,,,,,,,,,,,,,,,,,,,,,,,,,,,23152,23482,24216,24680,24840,24448,23852,23264,22690,22624,22892,23702,24288,24740,24588,24170,23372,22604,21406,20510,20352,19236,16398,13780,10920,,,
Hungary,HUN,Depth of the food deficit (kilocalories per person per day),SN.ITK.DFCT,,,,,,,,,,,,,,,,,,,,,,,,,,,,,,,,,,24,24,36,48,60,72,84,84,96,108,120,120,120,120,108,96,96,96,108,108,108,,,,,,,
IBRD only,IBD,Depth of the food deficit (kilocalories per person per day),SN.ITK.DFCT,,,,,,,,,,,,,,,,,,,,,,,,,,,,,,,,,,3730.819976,3685.449923,3597.51322,3432.874975,3232.783126,3035.72078,2895.416341,2798.858348,2738.673366,2702.514762,2697.878663,2738.330193,2781.012813,2807.774862,2792.406758,2704.60094,2549.307317,2390.545552,2232.200952,2111.413816,2008.006497,1923.19495,1859.820785,1800.750971,1457.306227,,,
IDA & IBRD total,IBT,Depth of the food deficit (kilocalories per person per day),SN.ITK.DFCT,,,,,,,,,,,,,,,,,,,,,,,,,,,,,,,,,,4212.868472,4183.665794,4105.237266,3969.464521,3793.299078,3613.822549,3475.166613,3366.778519,3276.829244,3207.966562,3176.658754,3192.805724,3206.950604,3194.181638,3142.432247,3031.625262,2876.953721,2727.266336,2583.532081,2469.544757,2359.828095,2281.52325,2226.249946,2176.964341,1776.012794,,,
IDA total,IDA,Depth of the food deficit (kilocalories per person per day),SN.ITK.DFCT,,,,,,,,,,,,,,,,,,,,,,,,,,,,,,,,,,6083.360299,6097.637443,6037.508134,5992.71238,5886.763094,5751.911962,5598.021218,5425.668221,5208.272371,5003.713952,4860.140908,4774.238197,4673.489532,4510.522975,4322.011488,4121.591061,3957.040106,3825.171855,3716.03634,3610.569968,3499.064079,3428.250241,3385.155466,3352.908396,2776.604672,,,
IDA blend,IDB,Depth of the food deficit (kilocalories per person per day),SN.ITK.DFCT,,,,,,,,,,,,,,,,,,,,,,,,,,,,,,,,,,4292.369916,4178.516328,3952.500722,3769.814955,3597.75972,3504.521909,3480.438156,3457.938956,3388.248846,3349.955335,3404.128183,3519.064863,3569.609182,3481.430783,3302.110179,3105.966381,2943.710795,2831.009663,2759.089541,2695.476938,2653.245,2624.276581,2616.630069,2606.876889,2187.205201,,,
Indonesia,IDN,Depth of the food deficit (kilocalories per person per day),SN.ITK.DFCT,,,,,,,,,,,,,,,,,,,,,,,,,,,,,,,,,,6044,5768,5448,5036,4672,4484,4524,4800,5100,5456,5672,5768,5716,5704,5720,5684,5562,5270,4634,3912,3224,2552,1784,1326,1020,,,
IDA only,IDX,Depth of the food deficit (kilocalories per person per day),SN.ITK.DFCT,,,,,,,,,,,,,,,,,,,,,,,,,,,,,,,,,,7127.197087,7215.548459,7251.883179,7286.227072,7216.560965,7054.924778,6823.115778,6561.651599,6257.139026,5955.081321,5696.241241,5494.1593,5306.265137,5099.89825,4905.275279,4701.606473,4535.716889,4393.456987,4264.091402,4135.440551,4006.338865,3910.652404,3846.560181,3801.123823,3126.261702,,,
Isle of Man,IMN,Depth of the food deficit (kilocalories per person per day),SN.ITK.DFCT,,,,,,,,,,,,,,,,,,,,,,,,,,,,,,,,,,,,,,,,,,,,,,,,,,,,,,,,,,,,,
India,IND,Depth of the food deficit (kilocalories per person per day),SN.ITK.DFCT,,,,,,,,,,,,,,,,,,,,,,,,,,,,,,,,,,7326,6996,7180,7142,6832,6358,6004,5664,5532,5532,5770,6020,6326,6586,6686,6394,5928,5544,5302,5160,5038,4482,3514,2860,2180,,,
Ireland,IRL,Depth of the food deficit (kilocalories per person per day),SN.ITK.DFCT,,,,,,,,,,,,,,,,,,,,,,,,,,,,,,,,,,12,12,12,12,12,12,12,12,12,12,12,24,24,24,24,24,12,12,12,12,12,,,,,,,
Iran,IRN,Depth of the food deficit (kilocalories per person per day),SN.ITK.DFCT,,,,,,,,,,,,,,,,,,,,,,,,,,,,,,,,,,1204,1084,1048,1040,1092,1168,1244,1292,1356,1462,1600,1760,1884,1972,2008,2020,2048,2008,1964,1916,1826,1584,1264,936,620,,,
Iraq,IRQ,Depth of the food deficit (kilocalories per person per day),SN.ITK.DFCT,,,,,,,,,,,,,,,,,,,,,,,,,,,,,,,,,,1920,3320,3808,4792,5234,5722,6226,6536,6504,6142,5936,6024,6456,6960,7424,8048,8432,8592,8392,8200,8024,7912,6080,4888,3700,,,
Severely Indebted,ISD,Depth of the food deficit (kilocalories per person per day),SN.ITK.DFCT,,,,,,,,,,,,,,,,,,,,,,,,,,,,,,,,,,,,,,,,,,,,,,,,,,,,,,,,,,,,,
Iceland,ISL,Depth of the food deficit (kilocalories per person per day),SN.ITK.DFCT,,,,,,,,,,,,,,,,,,,,,,,,,,,,,,,,,,144,132,144,144,144,144,132,120,120,108,96,84,72,60,48,48,48,48,60,60,72,,,,,,,
Israel,ISR,Depth of the food deficit (kilocalories per person per day),SN.ITK.DFCT,,,,,,,,,,,,,,,,,,,,,,,,,,,,,,,,,,12,12,12,12,12,12,12,12,0,0,0,0,0,0,0,0,0,0,12,12,12,,,,,,,
Italy,ITA,Depth of the food deficit (kilocalories per person per day),SN.ITK.DFCT,,,,,,,,,,,,,,,,,,,,,,,,,,,,,,,,,,24,24,24,24,24,24,12,12,12,12,12,12,12,12,12,12,12,12,12,12,12,,,,,,,
Jamaica,JAM,Depth of the food deficit (kilocalories per person per day),SN.ITK.DFCT,,,,,,,,,,,,,,,,,,,,,,,,,,,,,,,,,,3004,3000,2732,2556,2460,2480,2468,2460,2380,2236,2112,1988,1972,1984,2032,2100,2180,2260,2452,2564,2606,2370,1948,1612,1160,,,
Jordan,JOR,Depth of the food deficit (kilocalories per person per day),SN.ITK.DFCT,,,,,,,,,,,,,,,,,,,,,,,,,,,,,,,,,,1488,1608,1934,2174,2372,2348,2268,2176,2100,1940,1636,1292,982,788,676,648,630,644,664,672,664,544,410,338,260,,,
Japan,JPN,Depth of the food deficit (kilocalories per person per day),SN.ITK.DFCT,,,,,,,,,,,,,,,,,,,,,,,,,,,,,,,,,,180,180,180,180,180,192,204,204,216,216,228,240,252,264,276,300,336,372,408,444,480,,,,,,,
Kazakhstan,KAZ,Depth of the food deficit (kilocalories per person per day),SN.ITK.DFCT,,,,,,,,,,,,,,,,,,,,,,,,,,,,,,,,,,576,448,544,564,620,728,1020,1612,2036,2044,1608,1360,1260,1316,1324,1176,976,816,720,684,676,658,628,494,360,,,
Kenya,KEN,Depth of the food deficit (kilocalories per person per day),SN.ITK.DFCT,,,,,,,,,,,,,,,,,,,,,,,,,,,,,,,,,,9396,10384,10838,10800,10042,9718,9698,9770,9670,9522,9660,9996,10392,10128,9304,8204,7752,7612,7558,7262,7030,6010,4576,3536,2700,,,
Kyrgyz Republic,KGZ,Depth of the food deficit (kilocalories per person per day),SN.ITK.DFCT,,,,,,,,,,,,,,,,,,,,,,,,,,,,,,,,,,3366,3494,4302,4766,4654,4466,4098,3918,4322,4706,5104,4868,4356,3588,3108,2892,2872,2784,2672,2396,2180,1752,1338,1066,800,,,
Cambodia,KHM,Depth of the food deficit (kilocalories per person per day),SN.ITK.DFCT,,,,,,,,,,,,,,,,,,,,,,,,,,,,,,,,,,9536,8728,8488,8312,8856,9890,10990,11294,10648,9756,8876,8348,7856,7376,6856,6280,5884,5628,5480,5308,5112,4470,3474,2652,1940,,,
Kiribati,KIR,Depth of the food deficit (kilocalories per person per day),SN.ITK.DFCT,,,,,,,,,,,,,,,,,,,,,,,,,,,,,,,,,,2124,1880,1856,1728,1720,1704,1684,1644,1524,1420,1384,1392,1436,1444,1456,1404,1404,1424,1452,1460,1438,1178,762,598,440,,,
St. Kitts and Nevis,KNA,Depth of the food deficit (kilocalories per person per day),SN.ITK.DFCT,,,,,,,,,,,,,,,,,,,,,,,,,,,,,,,,,,1208,1380,1624,1732,1828,1860,1992,2020,1828,1696,1580,1692,1752,1916,1928,1884,1712,1588,1524,1444,1220,576,,,,,,
Korea,KOR,Depth of the food deficit (kilocalories per person per day),SN.ITK.DFCT,,,,,,,,,,,,,,,,,,,,,,,,,,,,,,,,,,604,600,560,556,512,472,472,468,500,492,492,532,532,532,520,520,476,468,406,356,298,246,166,104,80,,,
Kuwait,KWT,Depth of the food deficit (kilocalories per person per day),SN.ITK.DFCT,,,,,,,,,,,,,,,,,,,,,,,,,,,,,,,,,,12992,14450,9818,6290,2912,1476,954,756,652,616,538,496,488,444,406,392,392,400,452,500,580,568,544,520,420,,,
Latin America & Caribbean,LAC,Depth of the food deficit (kilocalories per person per day),SN.ITK.DFCT,,,,,,,,,,,,,,,,,,,,,,,,,,,,,,,,,,4777.012422,4617.144633,4606.666995,4521.017953,4427.107192,4358.72526,4297.527627,4251.284032,4129.112346,3937.918071,3732.672265,3537.774165,3378.799913,3199.220905,3039.151516,2873.901041,2692.666694,2555.03529,2444.420257,2359.957107,2215.966449,1965.682146,1448.293478,1129.314906,835.3449599,,,
Lao PDR,LAO,Depth of the food deficit (kilocalories per person per day),SN.ITK.DFCT,,,,,,,,,,,,,,,,,,,,,,,,,,,,,,,,,,14392,14720,14864,14948,14648,14288,13820,13616,13180,12900,12400,12028,11364,10524,9696,8916,8484,8096,7930,7572,7244,6092,4408,3406,2560,,,
Lebanon,LBN,Depth of the food deficit (kilocalories per person per day),SN.ITK.DFCT,,,,,,,,,,,,,,,,,,,,,,,,,,,,,,,,,,684,664,728,740,756,712,668,616,624,640,672,696,764,872,968,1076,1140,1172,1200,1222,1212,1158,1094,858,580,,,
Liberia,LBR,Depth of the food deficit (kilocalories per person per day),SN.ITK.DFCT,,,,,,,,,,,,,,,,,,,,,,,,,,,,,,,,,,9304,9056,10424,11908,13286,13514,12916,12104,11728,11992,12334,12902,12970,12828,12484,12198,11962,11566,11274,11194,11200,10084,8314,6786,5120,,,
Libya,LBY,Depth of the food deficit (kilocalories per person per day),SN.ITK.DFCT,,,,,,,,,,,,,,,,,,,,,,,,,,,,,,,,,,60,60,72,72,72,84,88,96,108,108,108,116,108,104,96,100,100,112,120,120,112,64,,,,,,
St. Lucia,LCA,Depth of the food deficit (kilocalories per person per day),SN.ITK.DFCT,,,,,,,,,,,,,,,,,,,,,,,,,,,,,,,,,,984,828,748,772,812,820,820,824,864,948,972,1008,1012,1008,1016,964,1004,1032,1124,1204,1224,704,,,,,,
Latin America & Caribbean (all income levels),LCN,Depth of the food deficit (kilocalories per person per day),SN.ITK.DFCT,,,,,,,,,,,,,,,,,,,,,,,,,,,,,,,,,,4566.748785,4400.91839,4382.221487,4297.231652,4208.887493,4148.486632,4094.242467,4054.27284,3938.269796,3755.526263,3562.626587,3384.444249,3240.63157,3073.681501,2920.006413,2758.199636,2582.24591,2449.466504,2342.378052,2262.777797,2122.219829,1876.417861,1368.277152,1076.628404,802.2545885,,,
Least developed countries: UN classification,LDC,Depth of the food deficit (kilocalories per person per day),SN.ITK.DFCT,,,,,,,,,,,,,,,,,,,,,,,,,,,,,,,,,,12943.80322,13260.28927,13416.99862,14076.42572,13874.88248,13507.11493,13025.64093,12477.7445,11899.72395,11347.41077,10895.56385,10507.59133,10162.99755,9783.339086,9462.012847,9135.814064,8888.090796,8654.144189,8423.470291,8206.122892,7801.412742,6936.149506,5348.224643,4271.216527,3237.588716,,,
Low income,LIC,Depth of the food deficit (kilocalories per person per day),SN.ITK.DFCT,,,,,,,,,,,,,,,,,,,,,,,,,,,,,,,,,,12382.28673,12923.3059,13074.37134,14091.17043,13993.67109,13770.34049,13402.17586,13003.95347,12593.36062,12235.02996,11919.04088,11617.53872,11280.31315,10891.85336,10521.42808,10178.89708,9933.238172,9695.554475,9446.142695,9166.261762,8720.021832,7890.723761,6272.45089,5054.846494,3848.197052,,,
Liechtenstein,LIE,Depth of the food deficit (kilocalories per person per day),SN.ITK.DFCT,,,,,,,,,,,,,,,,,,,,,,,,,,,,,,,,,,,,,,,,,,,,,,,,,,,,,,,,,,,,,
Other low-income,LIO,Depth of the food deficit (kilocalories per person per day),SN.ITK.DFCT,,,,,,,,,,,,,,,,,,,,,,,,,,,,,,,,,,,,,,,,,,,,,,,,,,,,,,,,,,,,,
"Low income, excluding China and India",LIX,Depth of the food deficit (kilocalories per person per day),SN.ITK.DFCT,,,,,,,,,,,,,,,,,,,,,,,,,,,,,,,,,,,,,,,,,,,,,,,,,,,,,,,,,,,,,
Sri Lanka,LKA,Depth of the food deficit (kilocalories per person per day),SN.ITK.DFCT,,,,,,,,,,,,,,,,,,,,,,,,,,,,,,,,,,10210,10564,10732,10856,10712,11080,11284,11452,11536,11514,11658,11648,11766,11694,11508,11268,10958,10662,10272,9960,9676,8562,6730,5200,3840,,,
Lower middle income,LMC,Depth of the food deficit (kilocalories per person per day),SN.ITK.DFCT,,,,,,,,,,,,,,,,,,,,,,,,,,,,,,,,,,7795.757299,7530.76014,7441.776282,7213.718159,6901.454854,6568.777047,6340.317629,6126.132985,5979.56487,5899.848747,5967.491779,6051.322942,6134.464116,6163.510915,6112.363075,5861.959441,5536.730485,5254.169984,5025.384081,4846.159766,4542.296433,4095.075959,3231.240073,2596.31117,1969.123881,,,
Low & middle income,LMY,Depth of the food deficit (kilocalories per person per day),SN.ITK.DFCT,,,,,,,,,,,,,,,,,,,,,,,,,,,,,,,,,,7540.881092,7476.72329,7313.158261,7108.639816,6767.843562,6449.574936,6228.040578,6041.675806,5898.587692,5800.951886,5768.213873,5767.205102,5762.044316,5718.42012,5626.782803,5430.322049,5189.477025,4965.845049,4752.705396,4572.480078,4293.199398,3869.542134,3025.340923,2398.447221,1805.00808,,,
Low-income Africa,LSA,Depth of the food deficit (kilocalories per person per day),SN.ITK.DFCT,,,,,,,,,,,,,,,,,,,,,,,,,,,,,,,,,,,,,,,,,,,,,,,,,,,,,,,,,,,,,
Lesotho,LSO,Depth of the food deficit (kilocalories per person per day),SN.ITK.DFCT,,,,,,,,,,,,,,,,,,,,,,,,,,,,,,,,,,4388,4284,4320,4524,4656,4820,4660,4448,4172,3988,3824,3748,3668,3590,3514,3506,3584,3722,3762,3720,3682,3222,2418,1976,1520,,,
Late-demographic dividend,LTE,Depth of the food deficit (kilocalories per person per day),SN.ITK.DFCT,,,,,,,,,,,,,,,,,,,,,,,,,,,,,,,,,,4341.051466,4416.500923,4234.879274,3960.855353,3641.942242,3400.98434,3251.545823,3147.250088,3082.419836,3028.784971,2962.932513,2900.213435,2831.958302,2768.087013,2706.669463,2643.308799,2533.364429,2429.484972,2279.537755,2150.079064,2016.949773,1903.238343,1802.497816,1700.966039,1343.550071,,,
Lithuania,LTU,Depth of the food deficit (kilocalories per person per day),SN.ITK.DFCT,,,,,,,,,,,,,,,,,,,,,,,,,,,,,,,,,,,,,324,288,216,168,156,180,204,216,216,192,156,144,132,108,108,96,96,108,,,,,,,
Luxembourg,LUX,Depth of the food deficit (kilocalories per person per day),SN.ITK.DFCT,,,,,,,,,,,,,,,,,,,,,,,,,,,,,,,,,,36,36,24,24,24,24,24,24,24,24,24,12,12,12,12,24,24,24,24,24,24,,,,,,,
Latvia,LVA,Depth of the food deficit (kilocalories per person per day),SN.ITK.DFCT,,,,,,,,,,,,,,,,,,,,,,,,,,,,,,,,,,,,,168,228,300,372,432,432,372,312,288,276,276,276,288,300,324,336,336,336,,,,,,,
"Macao SAR, China",MAC,Depth of the food deficit (kilocalories per person per day),SN.ITK.DFCT,,,,,,,,,,,,,,,,,,,,,,,,,,,,,,,,,,,,,,,,,,,,,,,,,,,,,,,,,,,,,
St. Martin (French part),MAF,Depth of the food deficit (kilocalories per person per day),SN.ITK.DFCT,,,,,,,,,,,,,,,,,,,,,,,,,,,,,,,,,,,,,,,,,,,,,,,,,,,,,,,,,,,,,
Morocco,MAR,Depth of the food deficit (kilocalories per person per day),SN.ITK.DFCT,,,,,,,,,,,,,,,,,,,,,,,,,,,,,,,,,,1712,1960,2164,2272,2158,2032,1860,1812,1832,1908,1956,1892,1768,1704,1638,1634,1628,1624,1636,1636,1576,1374,1088,858,620,,,
Monaco,MCO,Depth of the food deficit (kilocalories per person per day),SN.ITK.DFCT,,,,,,,,,,,,,,,,,,,,,,,,,,,,,,,,,,,,,,,,,,,,,,,,,,,,,,,,,,,,,
Moldova,MDA,Depth of the food deficit (kilocalories per person per day),SN.ITK.DFCT,,,,,,,,,,,,,,,,,,,,,,,,,,,,,,,,,,,,,1284,1428,1536,1668,1728,1716,1608,1512,1476,1440,1416,1404,1440,1488,1632,1848,2148,2400,,,,,,,
Middle East (developing only),MDE,Depth of the food deficit (kilocalories per person per day),SN.ITK.DFCT,,,,,,,,,,,,,,,,,,,,,,,,,,,,,,,,,,,,,,,,,,,,,,,,,,,,,,,,,,,,,
Madagascar,MDG,Depth of the food deficit (kilocalories per person per day),SN.ITK.DFCT,,,,,,,,,,,,,,,,,,,,,,,,,,,,,,,,,,7592,8188,8422,8916,9400,9696,9868,9948,9948,10004,10346,10772,11252,11204,10770,10012,9500,9240,9256,9290,9308,8362,7046,5902,4580,,,
Maldives,MDV,Depth of the food deficit (kilocalories per person per day),SN.ITK.DFCT,,,,,,,,,,,,,,,,,,,,,,,,,,,,,,,,,,2938,2722,2650,2524,2470,2658,2822,2946,2996,3028,3102,3280,3618,3902,4110,4082,3942,3514,3084,2620,2278,1888,1410,1014,680,,,
Middle East & North Africa (all income levels),MEA,Depth of the food deficit (kilocalories per person per day),SN.ITK.DFCT,,,,,,,,,,,,,,,,,,,,,,,,,,,,,,,,,,1718.118269,1842.827549,1908.217059,2050.09055,2088.688221,2131.282549,2182.458148,2196.188735,2190.750179,2174.112205,2172.78839,2227.218071,2306.597167,2390.655725,2444.295332,2481.252261,2491.101689,2474.663487,2423.762825,2345.70384,2213.67208,2040.127558,1599.85475,1269.474881,943.3332907,,,
Mexico,MEX,Depth of the food deficit (kilocalories per person per day),SN.ITK.DFCT,,,,,,,,,,,,,,,,,,,,,,,,,,,,,,,,,,1736,1724,1716,1692,1640,1584,1524,1436,1308,1196,1140,1190,1248,1252,1164,1068,1004,996,998,1006,1030,1014,972,780,580,,,
Marshall Islands,MHL,Depth of the food deficit (kilocalories per person per day),SN.ITK.DFCT,,,,,,,,,,,,,,,,,,,,,,,,,,,,,,,,,,,,,,,,,,,,,,,,,,,,,,,,,,,,,
Middle income,MIC,Depth of the food deficit (kilocalories per person per day),SN.ITK.DFCT,,,,,,,,,,,,,,,,,,,,,,,,,,,,,,,,,,7126.349581,7005.603173,6807.526903,6480.469291,6112.733047,5780.893996,5567.793281,5396.20712,5272.197646,5192.954082,5179.782319,5199.764188,5218.265585,5201.37644,5130.335107,4941.556718,4694.216925,4465.921828,4250.823292,4075.074172,3807.433118,3429.446102,2691.241211,2124.663339,1590.212769,,,
North Macedonia,MKD,Depth of the food deficit (kilocalories per person per day),SN.ITK.DFCT,,,,,,,,,,,,,,,,,,,,,,,,,,,,,,,,,,,,,1068,900,744,564,516,528,552,516,456,396,360,312,288,312,348,384,384,384,,,,,,,
Mali,MLI,Depth of the food deficit (kilocalories per person per day),SN.ITK.DFCT,,,,,,,,,,,,,,,,,,,,,,,,,,,,,,,,,,5266,5452,5608,5764,5764,5696,5440,5196,4756,4370,4044,3800,3620,3384,3086,2714,2266,1880,1576,1396,1272,1048,736,598,460,,,
Malta,MLT,Depth of the food deficit (kilocalories per person per day),SN.ITK.DFCT,,,,,,,,,,,,,,,,,,,,,,,,,,,,,,,,,,96,72,72,60,48,36,36,36,36,36,36,48,48,48,48,48,48,48,48,48,48,,,,,,,
Myanmar,MMR,Depth of the food deficit (kilocalories per person per day),SN.ITK.DFCT,,,,,,,,,,,,,,,,,,,,,,,,,,,,,,,,,,16352,16480,16512,16288,16064,15520,14976,14496,14208,13760,12934,11910,10912,10022,9190,8320,7328,6368,5472,4774,4230,3870,3670,2808,2060,,,
Middle East & North Africa,MNA,Depth of the food deficit (kilocalories per person per day),SN.ITK.DFCT,,,,,,,,,,,,,,,,,,,,,,,,,,,,,,,,,,1791.89331,1917.041788,1976.047509,2095.327658,2165.465552,2238.119248,2316.678693,2352.346703,2363.416353,2357.221812,2362.550491,2423.55005,2506.381284,2597.766469,2655.783087,2698.623827,2713.178368,2694.503201,2637.978807,2555.494787,2414.952942,2224.410963,1755.170319,1396.210527,1040.544026,,,
Montenegro,MNE,Depth of the food deficit (kilocalories per person per day),SN.ITK.DFCT,,,,,,,,,,,,,,,,,,,,,,,,,,,,,,,,,,0,0,0,0,0,0,0,0,0,0,0,0,0,0,0,0,0,504,468,456,456,,,,,,,
Mongolia,MNG,Depth of the food deficit (kilocalories per person per day),SN.ITK.DFCT,,,,,,,,,,,,,,,,,,,,,,,,,,,,,,,,,,9942,12908,16336,17592,17350,15844,14980,14308,13590,12850,12232,12044,12144,12360,12456,12224,11616,10718,9976,9316,8784,7328,5562,4290,3120,,,
Northern Mariana Islands,MNP,Depth of the food deficit (kilocalories per person per day),SN.ITK.DFCT,,,,,,,,,,,,,,,,,,,,,,,,,,,,,,,,,,,,,,,,,,,,,,,,,,,,,,,,,,,,,
Mozambique,MOZ,Depth of the food deficit (kilocalories per person per day),SN.ITK.DFCT,,,,,,,,,,,,,,,,,,,,,,,,,,,,,,,,,,19334,20586,20858,20404,18778,16568,15030,14172,14176,14352,14506,14108,13422,12796,12408,12310,12094,11862,11330,10876,10368,8730,6294,4888,3620,,,
Mauritania,MRT,Depth of the food deficit (kilocalories per person per day),SN.ITK.DFCT,,,,,,,,,,,,,,,,,,,,,,,,,,,,,,,,,,3940,3812,3776,3716,3732,3628,3484,3308,3160,3076,3008,2940,2950,2946,3046,2932,2742,2440,2268,2232,2190,1834,1312,962,720,,,
Martinique,MTQ,Depth of the food deficit (kilocalories per person per day),SN.ITK.DFCT,,,,,,,,,,,,,,,,,,,,,,,,,,,,,,,,,,,,,,,,,,,,,,,,,,,,,,,,,,,,,
Mauritius,MUS,Depth of the food deficit (kilocalories per person per day),SN.ITK.DFCT,,,,,,,,,,,,,,,,,,,,,,,,,,,,,,,,,,2520,2468,2412,2324,2200,2112,2096,2156,2156,2132,2026,1952,1884,1808,1728,1692,1700,1656,1656,1576,1584,1448,1152,936,700,,,
Malawi,MWI,Depth of the food deficit (kilocalories per person per day),SN.ITK.DFCT,,,,,,,,,,,,,,,,,,,,,,,,,,,,,,,,,,14588,14936,15244,14412,13366,12010,11008,10002,9100,8316,7912,7892,8116,8222,8032,7592,7056,6674,6508,6392,6252,5486,4502,3614,2780,,,
Malaysia,MYS,Depth of the food deficit (kilocalories per person per day),SN.ITK.DFCT,,,,,,,,,,,,,,,,,,,,,,,,,,,,,,,,,,1300,1144,960,808,656,584,596,612,636,696,792,904,1008,1024,1044,1024,1056,1048,1060,1030,1018,926,658,442,280,,,
Mayotte,MYT,Depth of the food deficit (kilocalories per person per day),SN.ITK.DFCT,,,,,,,,,,,,,,,,,,,,,,,,,,,,,,,,,,,,,,,,,,,,,,,,,,,,,,,,,,,,,
North America,NAC,Depth of the food deficit (kilocalories per person per day),SN.ITK.DFCT,,,,,,,,,,,,,,,,,,,,,,,,,,,,,,,,,,34.91528955,32.48185716,19.27598523,18.07060433,16.88709696,14.52171351,14.54096105,13.38186365,13.40261209,13.43140887,13.45874953,13.4949188,13.50893038,13.49692075,13.4612394,13.42341539,14.56570525,14.52735646,15.67556746,16.84643092,15.44231244,,,,,,,
Namibia,NAM,Depth of the food deficit (kilocalories per person per day),SN.ITK.DFCT,,,,,,,,,,,,,,,,,,,,,,,,,,,,,,,,,,11100,11510,12084,12420,12480,12124,11872,11304,10366,9008,8032,7512,7508,7560,7756,8108,8720,9696,10920,11932,12344,11314,9858,8398,6500,,,
New Caledonia,NCL,Depth of the food deficit (kilocalories per person per day),SN.ITK.DFCT,,,,,,,,,,,,,,,,,,,,,,,,,,,,,,,,,,480,516,560,580,592,564,536,520,552,532,520,496,508,528,528,528,528,512,432,384,336,224,,,,,,
Niger,NER,Depth of the food deficit (kilocalories per person per day),SN.ITK.DFCT,,,,,,,,,,,,,,,,,,,,,,,,,,,,,,,,,,8920,10172,10750,11220,11072,10192,9234,8356,7568,6804,6136,5650,5284,4948,4612,4270,3868,3534,3098,2950,2822,2592,1936,1508,1120,,,
Nigeria,NGA,Depth of the food deficit (kilocalories per person per day),SN.ITK.DFCT,,,,,,,,,,,,,,,,,,,,,,,,,,,,,,,,,,6024,4872,4318,3744,3488,3224,3036,2852,2664,2544,2512,2516,2370,2148,1892,1748,1648,1618,1630,1650,1702,1514,1242,1040,840,,,
Nicaragua,NIC,Depth of the food deficit (kilocalories per person per day),SN.ITK.DFCT,,,,,,,,,,,,,,,,,,,,,,,,,,,,,,,,,,18516,17756,17128,15816,14708,14084,13548,13100,12196,11054,9884,8940,8476,8136,7908,7544,7248,6968,6796,6484,6278,5486,4118,3276,2440,,,
Netherlands,NLD,Depth of the food deficit (kilocalories per person per day),SN.ITK.DFCT,,,,,,,,,,,,,,,,,,,,,,,,,,,,,,,,,,108,108,108,96,96,96,108,120,120,132,132,132,120,120,108,108,96,96,96,96,96,,,,,,,
High income: nonOECD,NOC,Depth of the food deficit (kilocalories per person per day),SN.ITK.DFCT,,,,,,,,,,,,,,,,,,,,,,,,,,,,,,,,,,,,,377.7326002,397.2613398,397.1008556,393.8075588,374.3035431,335.9171839,292.2192273,259.6309417,230.1618594,209.0692304,186.9975307,174.4451832,166.6407151,170.3522618,179.5581459,191.5491226,192.0155335,184.0755258,,,,,,,
Norway,NOR,Depth of the food deficit (kilocalories per person per day),SN.ITK.DFCT,,,,,,,,,,,,,,,,,,,,,,,,,,,,,,,,,,96,84,84,72,72,60,48,48,48,48,36,36,36,36,36,36,36,36,36,36,36,,,,,,,
Nepal,NPL,Depth of the food deficit (kilocalories per person per day),SN.ITK.DFCT,,,,,,,,,,,,,,,,,,,,,,,,,,,,,,,,,,6658,6906,7182,7426,7490,7498,7440,7180,6988,6728,6658,6458,6178,5740,5420,5124,4868,4452,4036,3670,3454,2766,1822,1274,1020,,,
Nauru,NRU,Depth of the food deficit (kilocalories per person per day),SN.ITK.DFCT,,,,,,,,,,,,,,,,,,,,,,,,,,,,,,,,,,,,,,,,,,,,,,,,,,,,,,,,,,,,,
New Zealand,NZL,Depth of the food deficit (kilocalories per person per day),SN.ITK.DFCT,,,,,,,,,,,,,,,,,,,,,,,,,,,,,,,,,,72,84,84,84,84,84,84,84,96,108,108,108,108,108,108,96,108,108,120,132,156,,,,,,,
High income: OECD,OEC,Depth of the food deficit (kilocalories per person per day),SN.ITK.DFCT,,,,,,,,,,,,,,,,,,,,,,,,,,,,,,,,,,80.3986372,77.89535818,72.46947963,74.73534877,72.11886211,71.07626642,70.37930068,69.25976338,69.30628587,68.0678846,69.03243332,69.63854154,70.21842765,72.81773353,72.6319171,75.48585637,78.85700742,82.02969339,86.47530478,90.51797634,87.04650409,,,,,,,
OECD members,OED,Depth of the food deficit (kilocalories per person per day),SN.ITK.DFCT,,,,,,,,,,,,,,,,,,,,,,,,,,,,,,,,,,93.5749495,91.10105543,86.01869991,88.65172857,87.90802227,88.40169836,88.43027695,88.97653684,86.37098175,81.17647372,77.27148461,74.60848466,71.0697755,70.66777531,67.92428866,69.76010641,72.57376493,77.47106931,83.92121826,88.07507392,82.90887524,,,,,,,
Oman,OMN,Depth of the food deficit (kilocalories per person per day),SN.ITK.DFCT,,,,,,,,,,,,,,,,,,,,,,,,,,,,,,,,,,3068,3250,3354,3588,3666,3770,3588,3276,2782,2340,2132,2054,2080,2054,2002,1872,1690,1456,1248,1092,1040,1014,988,936,660,,,
Other small states,OSS,Depth of the food deficit (kilocalories per person per day),SN.ITK.DFCT,,,,,,,,,,,,,,,,,,,,,,,,,,,,,,,,,,4469.051521,7297.233205,7399.638593,7463.837358,7492.14004,7526.830707,7666.915597,7707.308922,7540.452866,7138.92504,6752.430109,6485.187211,6330.776976,6191.713696,6111.548991,2865.620264,2892.002957,2932.631546,2943.437902,2979.695256,2794.012248,2299.30202,1043.651356,269.1109037,,,,
Pakistan,PAK,Depth of the food deficit (kilocalories per person per day),SN.ITK.DFCT,,,,,,,,,,,,,,,,,,,,,,,,,,,,,,,,,,7740,7870,7252,6976,6672,6616,6730,6820,6880,7048,7542,8080,8396,8276,8034,7740,7474,7250,7128,7052,7046,6456,5434,4446,3440,,,
Panama,PAN,Depth of the food deficit (kilocalories per person per day),SN.ITK.DFCT,,,,,,,,,,,,,,,,,,,,,,,,,,,,,,,,,,7884,7620,6988,6940,7242,8006,7972,8116,8116,8650,8516,7816,7320,7112,7202,6714,6024,5212,4660,4218,3804,3118,2388,1794,1320,,,
Peru,PER,Depth of the food deficit (kilocalories per person per day),SN.ITK.DFCT,,,,,,,,,,,,,,,,,,,,,,,,,,,,,,,,,,9676,8558,8644,8308,7924,7430,7024,6878,6710,6538,6290,6450,6596,6622,6224,5724,5196,4690,4144,3654,3208,2662,1856,1404,1000,,,
Philippines,PHL,Depth of the food deficit (kilocalories per person per day),SN.ITK.DFCT,,,,,,,,,,,,,,,,,,,,,,,,,,,,,,,,,,7758,7996,7736,7604,7128,6884,6720,6740,6588,6312,6072,6022,5852,5656,5300,4886,4472,4126,3996,4066,4166,3762,2990,2496,1860,,,
Palau,PLW,Depth of the food deficit (kilocalories per person per day),SN.ITK.DFCT,,,,,,,,,,,,,,,,,,,,,,,,,,,,,,,,,,,,,,,,,,,,,,,,,,,,,,,,,,,,,
Papua New Guinea,PNG,Depth of the food deficit (kilocalories per person per day),SN.ITK.DFCT,,,,,,,,,,,,,,,,,,,,,,,,,,,,,,,,,,,,,,,,,,,,,,,,,,,,,,,,,,,,,
Poland,POL,Depth of the food deficit (kilocalories per person per day),SN.ITK.DFCT,,,,,,,,,,,,,,,,,,,,,,,,,,,,,,,,,,48,48,60,60,60,60,60,60,48,48,60,60,60,72,72,72,72,60,60,60,60,,,,,,,
Pre-demographic dividend,PRE,Depth of the food deficit (kilocalories per person per day),SN.ITK.DFCT,,,,,,,,,,,,,,,,,,,,,,,,,,,,,,,,,,4793.154337,4803.351194,4842.566755,4841.854536,4764.562181,4663.89585,4590.755515,4536.189698,4442.120403,4373.323861,4336.89536,4320.920684,4233.91827,4093.520289,3913.072885,3745.991802,3611.04409,3517.370681,3445.35036,3365.170283,3226.383654,3144.211398,3101.997963,3079.459925,2561.811178,,,
Puerto Rico,PRI,Depth of the food deficit (kilocalories per person per day),SN.ITK.DFCT,,,,,,,,,,,,,,,,,,,,,,,,,,,,,,,,,,,,,,,,,,,,,,,,,,,,,,,,,,,,,
Dem. People's Rep. Korea,PRK,Depth of the food deficit (kilocalories per person per day),SN.ITK.DFCT,,,,,,,,,,,,,,,,,,,,,,,,,,,,,,,,,,7636,8232,8880,9616,10716,11838,12512,12708,12740,12940,12824,12624,11964,11672,11716,12364,13156,13910,14394,14358,14108,12786,10762,8944,6860,,,
Portugal,PRT,Depth of the food deficit (kilocalories per person per day),SN.ITK.DFCT,,,,,,,,,,,,,,,,,,,,,,,,,,,,,,,,,,48,48,36,36,36,36,36,36,36,36,36,24,24,24,24,24,24,24,24,24,24,,,,,,,
Paraguay,PRY,Depth of the food deficit (kilocalories per person per day),SN.ITK.DFCT,,,,,,,,,,,,,,,,,,,,,,,,,,,,,,,,,,5804,5880,5572,5176,4772,4520,4396,4208,4076,3908,3800,3516,3248,3178,3290,3492,3638,3938,4194,4464,4536,3746,2530,1976,1420,,,
West Bank and Gaza,PSE,Depth of the food deficit (kilocalories per person per day),SN.ITK.DFCT,,,,,,,,,,,,,,,,,,,,,,,,,,,,,,,,,,416,404,384,356,340,352,1084,1260,1464,1584,1516,1356,1192,1152,1216,1380,1608,1872,2120,2304,2424,1688,,,,,,
Pacific island small states,PSS,Depth of the food deficit (kilocalories per person per day),SN.ITK.DFCT,,,,,,,,,,,,,,,,,,,,,,,,,,,,,,,,,,3199.037417,3119.627326,3110.658959,2946.139985,2763.598693,2561.386185,2392.616156,2274.420543,2209.727018,2179.744133,2116.724677,2054.901068,1977.678069,1897.470224,1848.864962,1809.266417,1763.747871,1771.729666,1775.206564,1792.22997,1765.963894,1625.577533,1310.318946,1062.527467,835.3995356,,,
Post-demographic dividend,PST,Depth of the food deficit (kilocalories per person per day),SN.ITK.DFCT,,,,,,,,,,,,,,,,,,,,,,,,,,,,,,,,,,,,,,,,,,,,,,,,,,,,,,,,,,,,,
French Polynesia,PYF,Depth of the food deficit (kilocalories per person per day),SN.ITK.DFCT,,,,,,,,,,,,,,,,,,,,,,,,,,,,,,,,,,288,288,292,304,316,332,344,368,360,332,300,284,284,296,296,296,288,276,288,288,288,192,,,,,,
Qatar,QAT,Depth of the food deficit (kilocalories per person per day),SN.ITK.DFCT,,,,,,,,,,,,,,,,,,,,,,,,,,,,,,,,,,,,,,,,,,,,,,,,,,,,,,,,,,,,,
Reunion,REU,Depth of the food deficit (kilocalories per person per day),SN.ITK.DFCT,,,,,,,,,,,,,,,,,,,,,,,,,,,,,,,,,,,,,,,,,,,,,,,,,,,,,,,,,,,,,
Romania,ROU,Depth of the food deficit (kilocalories per person per day),SN.ITK.DFCT,,,,,,,,,,,,,,,,,,,,,,,,,,,,,,,,,,180,204,192,168,156,156,144,132,108,84,60,48,48,36,36,36,36,36,36,36,36,,,,,,,
Russia,RUS,Depth of the food deficit (kilocalories per person per day),SN.ITK.DFCT,,,,,,,,,,,,,,,,,,,,,,,,,,,,,,,,,,,,,408,456,468,468,444,396,336,288,240,204,168,144,132,132,144,156,156,144,,,,,,,
Rwanda,RWA,Depth of the food deficit (kilocalories per person per day),SN.ITK.DFCT,,,,,,,,,,,,,,,,,,,,,,,,,,,,,,,,,,18350,17766,19026,20228,22070,23722,24452,24300,22634,20334,17410,15634,14890,15098,15328,15132,14618,13542,12432,11326,10652,9634,7910,6240,4640,,,
South Asia,SAS,Depth of the food deficit (kilocalories per person per day),SN.ITK.DFCT,,,,,,,,,,,,,,,,,,,,,,,,,,,,,,,,,,7727.424494,7553.176899,7712.281125,7724.666858,7455.059727,7038.288037,6690.305743,6306.083056,6078.052467,5979.632158,6153.737666,6356.300965,6585.997769,6722.687101,6743.192179,6465.822658,6073.82445,5748.30112,5546.082088,5420.887794,5197.247211,4771.422678,3793.975924,3085.653569,2356.244664,,,
Saudi Arabia,SAU,Depth of the food deficit (kilocalories per person per day),SN.ITK.DFCT,,,,,,,,,,,,,,,,,,,,,,,,,,,,,,,,,,804,944,1112,1188,1140,942,750,572,456,388,368,412,522,604,676,700,704,748,760,732,664,512,346,260,180,,,
Sudan,SDN,Depth of the food deficit (kilocalories per person per day),SN.ITK.DFCT,,,,,,,,,,,,,,,,,,,,,,,,,,,,,,,,,,12598,11500,10988,9974,9380,9048,9008,9004,8876,8600,8196,7868,7824,8008,8252,8380,8496,8748,9008,9400,3912,,,,,,,
Senegal,SEN,Depth of the food deficit (kilocalories per person per day),SN.ITK.DFCT,,,,,,,,,,,,,,,,,,,,,,,,,,,,,,,,,,6876,7132,7676,7724,8228,8484,8984,9048,8800,8344,8024,7744,7364,6786,6234,5704,5122,4604,4260,4298,4290,3708,2494,1716,1260,,,
Singapore,SGP,Depth of the food deficit (kilocalories per person per day),SN.ITK.DFCT,,,,,,,,,,,,,,,,,,,,,,,,,,,,,,,,,,,,,,,,,,,,,,,,,,,,,,,,,,,,,
Solomon Islands,SLB,Depth of the food deficit (kilocalories per person per day),SN.ITK.DFCT,,,,,,,,,,,,,,,,,,,,,,,,,,,,,,,,,,6704,6360,6112,5404,4714,4142,3932,3896,3952,4092,4024,3916,3672,3500,3352,3264,3172,3156,3060,3044,3024,2738,2152,1742,1400,,,
Sierra Leone,SLE,Depth of the food deficit (kilocalories per person per day),SN.ITK.DFCT,,,,,,,,,,,,,,,,,,,,,,,,,,,,,,,,,,14632,14252,13836,13116,12328,11724,11380,11560,12324,13220,13798,13944,13816,13662,13074,12252,11370,10794,10272,9662,9006,7588,5534,4212,3200,,,
El Salvador,SLV,Depth of the food deficit (kilocalories per person per day),SN.ITK.DFCT,,,,,,,,,,,,,,,,,,,,,,,,,,,,,,,,,,4416,4120,4216,4228,4276,4200,4068,3976,3688,3280,2788,2528,2496,2688,2904,3056,3168,3256,3344,3500,3688,3458,2846,2236,1700,,,
San Marino,SMR,Depth of the food deficit (kilocalories per person per day),SN.ITK.DFCT,,,,,,,,,,,,,,,,,,,,,,,,,,,,,,,,,,,,,,,,,,,,,,,,,,,,,,,,,,,,,
Somalia,SOM,Depth of the food deficit (kilocalories per person per day),SN.ITK.DFCT,,,,,,,,,,,,,,,,,,,,,,,,,,,,,,,,,,,,,,,,,,,,,,,,,,,,,,,,,,,,,
Serbia,SRB,Depth of the food deficit (kilocalories per person per day),SN.ITK.DFCT,,,,,,,,,,,,,,,,,,,,,,,,,,,,,,,,,,0,0,0,672,684,684,684,696,696,708,708,708,720,708,684,624,564,504,480,468,468,,,,,,,
Sub-Saharan Africa,SSA,Depth of the food deficit (kilocalories per person per day),SN.ITK.DFCT,,,,,,,,,,,,,,,,,,,,,,,,,,,,,,,,,,10396.61532,10266.25355,10126.51086,10537.32149,10257.4219,9981.757105,9717.799946,9509.473689,9261.305976,8996.390167,8751.853093,8532.93892,8313.650647,8028.20095,7726.142885,7426.705075,7221.553139,7059.606095,6893.260495,6723.439642,6323.327647,5558.014651,4280.074847,3411.020071,2592.34724,,,
South Sudan,SSD,Depth of the food deficit (kilocalories per person per day),SN.ITK.DFCT,,,,,,,,,,,,,,,,,,,,,,,,,,,,,,,,,,,,,,,,,,,,,,,,,,,,,,,,,,,,,
Sub-Saharan Africa (all income levels),SSF,Depth of the food deficit (kilocalories per person per day),SN.ITK.DFCT,,,,,,,,,,,,,,,,,,,,,,,,,,,,,,,,,,10396.61532,10266.25355,10126.51086,10537.32149,10257.4219,9981.757105,9717.799946,9509.473689,9261.305976,8996.390167,8751.853093,8532.93892,8313.650647,8028.20095,7726.142885,7426.705075,7221.553139,7059.606095,6893.260495,6723.439642,6323.327647,5558.014651,4280.074847,3411.020071,2592.34724,,,
Small states,SST,Depth of the food deficit (kilocalories per person per day),SN.ITK.DFCT,,,,,,,,,,,,,,,,,,,,,,,,,,,,,,,,,,5981.491471,5989.621169,6047.036059,6053.44801,6034.77291,6022.400961,6083.828525,6095.767392,5962.892147,5666.105695,5374.828657,5179.060898,5078.759752,4989.513449,4940.649288,4925.589222,4958.946787,5007.949634,5044.1955,5059.549307,4881.386994,4438.533907,3456.758504,2795.015835,2095.810676,,,
Sao Tome and Principe,STP,Depth of the food deficit (kilocalories per person per day),SN.ITK.DFCT,,,,,,,,,,,,,,,,,,,,,,,,,,,,,,,,,,6392,6534,6700,6948,7280,7784,7852,7692,6800,5798,4676,3944,3454,3088,2750,2416,2170,1996,1900,1810,1746,1534,1214,988,800,,,
Suriname,SUR,Depth of the food deficit (kilocalories per person per day),SN.ITK.DFCT,,,,,,,,,,,,,,,,,,,,,,,,,,,,,,,,,,4856,4540,4684,4548,4432,4290,4188,4360,4420,4632,4584,4568,4436,4288,4048,3780,3644,3440,3236,2960,2802,2416,1888,1508,1120,,,
Slovak Republic,SVK,Depth of the food deficit (kilocalories per person per day),SN.ITK.DFCT,,,,,,,,,,,,,,,,,,,,,,,,,,,,,,,,,,,,,336,324,336,348,396,456,516,540,552,528,516,492,480,456,444,432,420,420,,,,,,,
Slovenia,SVN,Depth of the food deficit (kilocalories per person per day),SN.ITK.DFCT,,,,,,,,,,,,,,,,,,,,,,,,,,,,,,,,,,,,,252,240,240,252,216,192,168,156,144,120,108,96,96,84,72,72,72,72,,,,,,,
Sweden,SWE,Depth of the food deficit (kilocalories per person per day),SN.ITK.DFCT,,,,,,,,,,,,,,,,,,,,,,,,,,,,,,,,,,204,168,156,156,168,168,168,156,156,144,144,144,144,156,156,156,156,144,144,144,144,,,,,,,
Swaziland,SWZ,Depth of the food deficit (kilocalories per person per day),SN.ITK.DFCT,,,,,,,,,,,,,,,,,,,,,,,,,,,,,,,,,,4216,4456,4532,5000,5464,6228,6816,7108,6628,6000,5352,4984,4592,4508,4708,5304,6004,6702,7436,7976,8342,7786,5952,4940,3840,,,
Sint Maarten (Dutch part),SXM,Depth of the food deficit (kilocalories per person per day),SN.ITK.DFCT,,,,,,,,,,,,,,,,,,,,,,,,,,,,,,,,,,,,,,,,,,,,,,,,,,,,,,,,,,,,,
SUB-SAHARAN AFRICA (excl. Nigeria),SXN,Depth of the food deficit (kilocalories per person per day),SN.ITK.DFCT,,,,,,,,,,,,,,,,,,,,,,,,,,,,,,,,,,,,,,,,,,,,,,,,,,,,,,,,,,,,,
Seychelles,SYC,Depth of the food deficit (kilocalories per person per day),SN.ITK.DFCT,,,,,,,,,,,,,,,,,,,,,,,,,,,,,,,,,,1100,944,776,692,612,556,532,552,596,652,768,784,764,640,600,568,580,612,616,608,592,392,,,,,,
Syrian Arab Republic,SYR,Depth of the food deficit (kilocalories per person per day),SN.ITK.DFCT,,,,,,,,,,,,,,,,,,,,,,,,,,,,,,,,,,316,320,324,308,272,232,216,216,224,256,276,272,260,244,224,212,204,204,216,216,300,304,,,,,,
Turks and Caicos Islands,TCA,Depth of the food deficit (kilocalories per person per day),SN.ITK.DFCT,,,,,,,,,,,,,,,,,,,,,,,,,,,,,,,,,,,,,,,,,,,,,,,,,,,,,,,,,,,,,
Chad,TCD,Depth of the food deficit (kilocalories per person per day),SN.ITK.DFCT,,,,,,,,,,,,,,,,,,,,,,,,,,,,,,,,,,20992,19962,19172,18736,17388,17236,15756,14546,13336,12906,12886,12762,12796,12630,12760,12922,13252,13624,13546,13310,12746,11306,9072,7176,5220,,,
East Asia & Pacific (IDA & IBRD),TEA,Depth of the food deficit (kilocalories per person per day),SN.ITK.DFCT,,,,,,,,,,,,,,,,,,,,,,,,,,,,,,,,,,4795.549376,4850.232609,4651.365505,4346.277433,4002.778343,3733.393663,3575.146695,3482.319212,3430.492011,3395.935082,3345.4166,3310.815712,3263.784213,3218.768686,3159.288986,3081.052929,2949.730779,2804.111366,2583.791201,2383.616249,2194.758942,2044.685481,1925.622793,1814.584005,1441.122206,,,
Europe & Central Asia (IDA & IBRD),TEC,Depth of the food deficit (kilocalories per person per day),SN.ITK.DFCT,,,,,,,,,,,,,,,,,,,,,,,,,,,,,,,,,,,,,,,,,,,,,,,,,,,,,,,,,,,,,
Togo,TGO,Depth of the food deficit (kilocalories per person per day),SN.ITK.DFCT,,,,,,,,,,,,,,,,,,,,,,,,,,,,,,,,,,11352,12472,12012,11492,10536,9724,9200,8924,8740,8556,8376,8208,7904,7564,7180,6940,6692,6500,6188,5868,5358,4444,3108,2210,1500,,,
Thailand,THA,Depth of the food deficit (kilocalories per person per day),SN.ITK.DFCT,,,,,,,,,,,,,,,,,,,,,,,,,,,,,,,,,,13272,12624,12304,11592,10278,8960,7708,7190,6748,6520,6062,5670,5208,4716,4156,3596,3276,3116,2980,2852,2660,2300,1854,1482,1060,,,
Tajikistan,TJK,Depth of the food deficit (kilocalories per person per day),SN.ITK.DFCT,,,,,,,,,,,,,,,,,,,,,,,,,,,,,,,,,,5984,5856,7322,8076,9104,9932,10900,11292,11624,11944,12488,12980,13456,13812,13832,13544,13296,13232,13212,12832,12318,10764,8438,6708,5000,,,
Turkmenistan,TKM,Depth of the food deficit (kilocalories per person per day),SN.ITK.DFCT,,,,,,,,,,,,,,,,,,,,,,,,,,,,,,,,,,1824,1792,2168,2380,2588,2712,2868,2796,2696,2520,2380,2216,1996,1764,1632,1520,1432,1396,1364,1320,1254,1062,828,624,440,,,
Latin America & Caribbean (IDA & IBRD),TLA,Depth of the food deficit (kilocalories per person per day),SN.ITK.DFCT,,,,,,,,,,,,,,,,,,,,,,,,,,,,,,,,,,2566.800424,2455.242944,2438.610635,2368.673574,2315.886659,2287.768351,2269.701467,2269.247153,2225.824842,2134.520469,2012.533167,1898.816112,1797.779348,1686.995734,1581.47175,1467.769818,1350.887697,1267.388425,1208.68173,1164.304525,1116.777334,1074.247845,1034.273483,1009.177882,814.648878,,,
Timor-Leste,TLS,Depth of the food deficit (kilocalories per person per day),SN.ITK.DFCT,,,,,,,,,,,,,,,,,,,,,,,,,,,,,,,,,,13792,11996,11232,10352,10440,10664,11624,12204,12644,12228,11248,10194,9408,9248,9368,9552,9600,9476,9360,9636,9760,8650,6330,4940,3680,,,
Middle East & North Africa (IDA & IBRD),TMN,Depth of the food deficit (kilocalories per person per day),SN.ITK.DFCT,,,,,,,,,,,,,,,,,,,,,,,,,,,,,,,,,,1045.273212,1119.315635,1151.887651,1227.631032,1269.313907,1315.102408,1363.262516,1383.562245,1386.300486,1383.493654,1383.367305,1422.042659,1471.735041,1523.286946,1553.129143,1580.130552,1586.870034,1576.34468,1527.951822,1466.236734,1390.389191,1344.032792,1319.557043,1288.047645,1040.544026,,,
Tonga,TON,Depth of the food deficit (kilocalories per person per day),SN.ITK.DFCT,,,,,,,,,,,,,,,,,,,,,,,,,,,,,,,,,,,,,,,,,,,,,,,,,,,,,,,,,,,,,
South Asia (IDA & IBRD),TSA,Depth of the food deficit (kilocalories per person per day),SN.ITK.DFCT,,,,,,,,,,,,,,,,,,,,,,,,,,,,,,,,,,4203.381817,4041.468344,4091.973426,4086.999514,4024.787653,3837.510884,3633.72717,3423.308145,3257.985419,3159.96322,3218.252661,3388.579347,3571.527752,3682.970586,3701.530602,3557.510804,3315.967329,3078.001042,2937.580879,2874.538817,2857.252334,2844.587562,2848.150224,2848.368603,2356.244664,,,
Sub-Saharan Africa (IDA & IBRD),TSS,Depth of the food deficit (kilocalories per person per day),SN.ITK.DFCT,,,,,,,,,,,,,,,,,,,,,,,,,,,,,,,,,,5982.414542,5945.0633,5859.218983,5765.228644,5621.858916,5467.826019,5310.957698,5192.296639,5029.527228,4864.817071,4707.893402,4593.312939,4466.750871,4318.979087,4141.276257,3957.566056,3816.619497,3709.789294,3614.966517,3503.567791,3352.806453,3255.7676,3193.560875,3148.717237,2592.34724,,,
Trinidad and Tobago,TTO,Depth of the food deficit (kilocalories per person per day),SN.ITK.DFCT,,,,,,,,,,,,,,,,,,,,,,,,,,,,,,,,,,3820,4152,4652,4920,4944,4868,4736,4684,4520,4268,3972,3924,4028,4152,4124,3996,3804,3628,3460,3312,3144,2638,2066,1534,1100,,,
Tunisia,TUN,Depth of the food deficit (kilocalories per person per day),SN.ITK.DFCT,,,,,,,,,,,,,,,,,,,,,,,,,,,,,,,,,,220,252,260,260,260,248,240,200,176,180,228,260,292,292,298,290,284,284,262,264,230,208,134,104,60,,,
Turkey,TUR,Depth of the food deficit (kilocalories per person per day),SN.ITK.DFCT,,,,,,,,,,,,,,,,,,,,,,,,,,,,,,,,,,132,176,176,176,180,188,220,232,232,264,268,308,340,308,272,200,142,136,136,136,136,78,38,26,20,,,
Tuvalu,TUV,Depth of the food deficit (kilocalories per person per day),SN.ITK.DFCT,,,,,,,,,,,,,,,,,,,,,,,,,,,,,,,,,,,,,,,,,,,,,,,,,,,,,,,,,,,,,
"Taiwan, China",TWN,Depth of the food deficit (kilocalories per person per day),SN.ITK.DFCT,,,,,,,,,,,,,,,,,,,,,,,,,,,,,,,,,,,,,,,,,,,,,,,,,,,,,,,,,,,,,
Tanzania,TZA,Depth of the food deficit (kilocalories per person per day),SN.ITK.DFCT,,,,,,,,,,,,,,,,,,,,,,,,,,,,,,,,,,7194,7544,8440,9256,10026,10776,11132,11436,11588,11908,12110,12254,12148,12014,11684,11284,11046,10996,11308,11346,11294,9782,7814,6162,4760,,,
Uganda,UGA,Depth of the food deficit (kilocalories per person per day),SN.ITK.DFCT,,,,,,,,,,,,,,,,,,,,,,,,,,,,,,,,,,6774,7164,7336,7460,7824,8284,8620,8588,8308,8202,8136,7848,7334,6760,6652,6842,7300,7612,7808,7904,7874,6848,5374,4420,3440,,,
Ukraine,UKR,Depth of the food deficit (kilocalories per person per day),SN.ITK.DFCT,,,,,,,,,,,,,,,,,,,,,,,,,,,,,,,,,,,,,300,384,420,432,408,360,288,228,192,144,120,108,96,96,96,96,84,72,,,,,,,
Upper middle income,UMC,Depth of the food deficit (kilocalories per person per day),SN.ITK.DFCT,,,,,,,,,,,,,,,,,,,,,,,,,,,,,,,,,,6470.994252,6493.512901,6186.707524,5751.566533,5318.274278,4979.749052,4777.704047,4644.606183,4542.454922,4461.837508,4360.004739,4301.774683,4240.035732,4164.053519,4063.086484,3933.830412,3765.570991,3594.327027,3388.599801,3209.522968,2978.238383,2666.680461,2050.614164,1559.56034,1132.523871,,,
Uruguay,URY,Depth of the food deficit (kilocalories per person per day),SN.ITK.DFCT,,,,,,,,,,,,,,,,,,,,,,,,,,,,,,,,,,2454,1760,1608,1502,1472,1536,1452,1408,1276,1228,1184,1236,1298,1288,1268,1176,1108,1100,1156,1152,1136,1072,794,650,480,,,
United States,USA,Depth of the food deficit (kilocalories per person per day),SN.ITK.DFCT,,,,,,,,,,,,,,,,,,,,,,,,,,,,,,,,,,24,24,12,12,12,12,12,12,12,12,12,12,12,12,12,12,12,12,12,12,12,,,,,,,
Uzbekistan,UZB,Depth of the food deficit (kilocalories per person per day),SN.ITK.DFCT,,,,,,,,,,,,,,,,,,,,,,,,,,,,,,,,,,640,672,832,974,1020,1308,1648,2156,2668,3472,4252,4856,4984,4624,4084,3452,3016,2748,2574,2452,2202,1768,1196,806,580,,,
St. Vincent and the Grenadines,VCT,Depth of the food deficit (kilocalories per person per day),SN.ITK.DFCT,,,,,,,,,,,,,,,,,,,,,,,,,,,,,,,,,,6260,6056,6224,6292,6828,7164,7272,6900,6212,5548,4888,4344,3736,3280,2956,2704,2500,2300,2188,2032,1898,1732,1442,1196,900,,,
Venezuela,VEN,Depth of the food deficit (kilocalories per person per day),SN.ITK.DFCT,,,,,,,,,,,,,,,,,,,,,,,,,,,,,,,,,,3900,3684,3792,4048,4344,4768,5136,5472,5208,4752,4630,4596,4564,3912,3320,2618,1952,1308,890,672,616,502,384,260,180,,,
British Virgin Islands,VGB,Depth of the food deficit (kilocalories per person per day),SN.ITK.DFCT,,,,,,,,,,,,,,,,,,,,,,,,,,,,,,,,,,,,,,,,,,,,,,,,,,,,,,,,,,,,,
Virgin Islands,VIR,Depth of the food deficit (kilocalories per person per day),SN.ITK.DFCT,,,,,,,,,,,,,,,,,,,,,,,,,,,,,,,,,,,,,,,,,,,,,,,,,,,,,,,,,,,,,
Vietnam,VNM,Depth of the food deficit (kilocalories per person per day),SN.ITK.DFCT,,,,,,,,,,,,,,,,,,,,,,,,,,,,,,,,,,16140,15288,13542,11950,11048,10810,10656,10210,9318,8426,7716,7118,6572,6180,5948,5822,5630,5292,4902,4516,4178,3696,3064,2314,1660,,,
Vanuatu,VUT,Depth of the food deficit (kilocalories per person per day),SN.ITK.DFCT,,,,,,,,,,,,,,,,,,,,,,,,,,,,,,,,,,2968,3100,3206,3268,3180,2940,2604,2380,2224,2188,2232,2240,2176,2088,2012,1892,1788,1676,1664,1704,1806,1682,1316,1066,820,,,
World,WLD,Depth of the food deficit (kilocalories per person per day),SN.ITK.DFCT,,,,,,,,,,,,,,,,,,,,,,,,,,,,,,,,,,7051.834382,6995.496604,6851.48461,6638.027928,6328.553997,6035.477921,5828.671732,5655.696793,5520.478814,5425.847595,5393.344237,5397.622422,5398.713669,5362.039245,5277.686559,5095.69701,4869.410586,4657.856548,4456.486682,4286.89374,4032.697304,3778.86126,2957.114016,2346.369754,1767.105587,,,
Samoa,WSM,Depth of the food deficit (kilocalories per person per day),SN.ITK.DFCT,,,,,,,,,,,,,,,,,,,,,,,,,,,,,,,,,,3080,3584,4084,4348,4168,3736,3256,2760,2192,1712,1372,1212,1136,1096,1052,1040,1036,1020,984,1012,1004,908,718,572,440,,,
Kosovo,XKX,Depth of the food deficit (kilocalories per person per day),SN.ITK.DFCT,,,,,,,,,,,,,,,,,,,,,,,,,,,,,,,,,,,,,,,,,,,,,,,,,,,,,,,,,,,,,
Yemen,YEM,Depth of the food deficit (kilocalories per person per day),SN.ITK.DFCT,,,,,,,,,,,,,,,,,,,,,,,,,,,,,,,,,,7768,7712,7606,7866,8242,8528,8688,8660,8528,8484,8518,8810,9052,9226,9176,8910,8620,8470,8414,8356,8158,7162,5658,4680,3640,,,
"Yemen, PDR",YMD,Depth of the food deficit (kilocalories per person per day),SN.ITK.DFCT,,,,,,,,,,,,,,,,,,,,,,,,,,,,,,,,,,,,,,,,,,,,,,,,,,,,,,,,,,,,,
Serbia and Montenegro,YUG,Depth of the food deficit (kilocalories per person per day),SN.ITK.DFCT,,,,,,,,,,,,,,,,,,,,,,,,,,,,,,,,,,,,,,,,,,,,,,,,,,,,,,,,,,,,,
South Africa,ZAF,Depth of the food deficit (kilocalories per person per day),SN.ITK.DFCT,,,,,,,,,,,,,,,,,,,,,,,,,,,,,,,,,,1316,1352,1396,1432,1484,1524,1552,1536,1480,1396,1280,1232,1162,1140,1104,1096,1128,1124,1076,1000,864,712,512,364,260,,,
Zambia,ZMB,Depth of the food deficit (kilocalories per person per day),SN.ITK.DFCT,,,,,,,,,,,,,,,,,,,,,,,,,,,,,,,,,,10224,10594,10706,10628,10366,10488,11216,12158,13184,14024,15046,15580,16136,16442,17064,17840,18634,18958,18670,18106,17666,15866,13238,10686,8100,,,
Zimbabwe,ZWE,Depth of the food deficit (kilocalories per person per day),SN.ITK.DFCT,,,,,,,,,,,,,,,,,,,,,,,,,,,,,,,,,,14452,15228,15604,16008,16072,15820,15452,15286,15334,15364,15244,14982,14832,14656,14294,13662,13000,12412,11954,11492,11128,9914,8198,6864,5180,,,
